0,1,2,3
4,5
6,7
8,9,10,11
12,13,14,15,16,17,18,19,20,21
22,23,24
25,26
14,20,27,28
29,30,31,32
33,34,35,36,37
38,39
40,41,42,43
44,45
46,47,48,49,50,51
52,53,54,55
56,57
58,59
60,61
62,63
64,65,66,67
68,69,70,71,72,73
74,75,76
77,78,79
80,81,82,83
28,84
85,86
87,88,89
90,91,92
93,94,95
61,96,97,98,99
100,101,102
103,104,105,106
107,108
109,110,111
112,113
96,99,114,115,116,117
118,119,120
121,122,123
124,125
126,127
128,129,130
0,131
132,133,134,135
136,137,138
139,140
141,142,143,144
104,145,146,147,148,149,150,151,152,153,154,155,156,157,158,159,160,161,162,163,164
77,78,79,165,166,167,168,169
170,171
172,173
174,175,176
177,178
179,180,181,182
183,184,185,186
187,188
52,53,54,189,190,191,192,193
78,79,169,194,195,196,197,198,199,200,201,202,203,204,205
206,207
36,40,208,209,210,211,212,213,214,215
216,217,218,219
220,221,222
223,224,225
181,226,227
228,229,230
231,232,233,234,235,236,237,238
135,239
240,241,242
243,244,245
246,247
248,249,250
251,252,253
254,255
14,15,84,256,257
258,259,260,261,262,263,264
265,266,267,268,269,270
271,272
273,274,275
17,276,277,278,279,280,281,282,283,284
285,286,287
288,289
290,291
292,293,294
295,296
297,298
299,300
301,302,303
304,305
306,307,308
99,226,309
310,311
312,313,314
315,316,317
318,319
320,321,322,323
315,324,325,326
19,21,219,327,328,329,330,331,332
333,334,335,336
74,337,338,339
340,341
188,342,343
305,344
345,346,347,348,349,350,351,352,353,354,355,356,357,358,359
360,361,362
363,364
329,365,366
367,368
369,370
14,15,16,84,371,372,373,374
375,376
377,378
379,380
381,382,383
25,110,384
14,20,368,385,386,387,388
389,390,391,392,393
394,395
77,78,165,168,195,196,199,200,205,245,266,396,397,398,399,400,401,402,403,404,405,406,407,408,409,410,411,412,413,414,415,416,417,418,419,420,421,422,423,424,425,426,427,428,429,430,431,432,433,434,435,436,437,438,439,440,441,442,443,444,445,446,447,448,449,450,451,452,453
454,455,456,457
390,458
99,116
459,460,461,462
305,463,464,465,466,467,468,469,470,471,472,473,474,475
77,476,477,478
479,480
17,21,481,482,483,484
357,485,486
136,376,487,488,489
490,491
265,492,493,494
495,496
224,261,262,264,497,498,499,500,501,502,503
504,505
373,506,507
39,133,134,239,508,509,510,511,512
481,513,514,515
516,517
518,519,520,521,522,523,524,525,526,527,528,529,530,531,532
429,533,534
78,169,535
24,536,537
538,539
177,508
540,541,542,543,544,545,546,547
548,549
14,20,84,276,385,386,550
291,551,552
553,554
555,556
25,45,111,557,558
559,560
135,561
562,563
564,565
566,567
276,333
568,569,570,571,572
573,574
384,575
576,577,578
579,580,581,582
464,465,466,473,583,584,585,586,587,588,589,590,591
36,460
511,592,593
324,594,595,596
597,598,599,600,601
602,603,604
605,606
209,266,439
300,607
608,609
439,533,610,611,612,613,614
615,616
617,618,619,620
360,578,621,622,623,624,625
95,555,626,627
456,628
629,630
563,631
436,632
218,633,634,635
636,637,638
639,640
12,13,14,15,20,28,84,256,276,372,373,641,642
643,644,645
646,647
648,649
46,48
650,651,652,653
654,655
656,657
658,659,660
661,662
663,664
206,306,665
666,667,668
240,669,670,671,672
438,673,674,675
676,677,678,679
680,681,682,683,684
226,685,686,687,688,689,690,691,692
68,70,409,480,631,681,684,693,694,695,696,697,698,699,700,701,702,703,704,705,706,707,708,709,710,711,712
297,564,713,714,715,716,717,718,719,720,721,722
723,724
693,725
347,726,727,728,729
730,731
732,733
596,734
735,736,737
220,481,738,739,740,741,742
743,744,745
84,335,746,747
748,749
750,751,752
753,754,755
545,596,756,757,758,759,760,761,762
714,763,764
765,766
460,767,768,769,770,771
772,773,774,775,776,777
251,778
779,780,781
153,178,315,326,358,595,758,760,761,774,782,783,784,785,786,787,788,789,790,791,792,793,794,795,796,797,798,799,800,801,802,803,804,805,806,807,808,809,810,811,812
719,813,814,815,816,817,818,819,820
248,249,821
122,228,822,823,824,825,826,827,828,829,830
686,831
394,832
304,717,833
333,495,496
423,478,834
19,21,330,331,484,741,835,836,837,838
16,839,840,841,842
64,347,349,843,844,845,846,847,848
849,850
685,687,689,851,852
853,854
64,729,847,855
856,857
36,644
39,858
859,860,861
295,296
862,863
308,837
864,865,866
532,867,868,869
870,871
335,336,361,362,456,622,625,635,872,873,874,875,876,877,878,879,880
881,882
211,644,883,884,885
886,887
888,889
890,891
892,893
371,894,895,896,897
291,898
622,899,900
901,902
415,576
903,904,905,906
907,908,909
245,910
223,685
87,562,882,911,912
913,914
68,915,916,917,918,919
920,921,922
923,924
680,681,882,925,926,927
928,929
440,930
931,932
565,714,933
530,934,935
936,937
104,938,939
18,940
15,245,496,519,686,837,941,942
867,943
507,665,944
118,245,278,307,669,945,946,947,948,949,950
118,129,240,269,422,491,604,945,951,952,953,954,955
181,226
956,957
183,336,362,622,878,880,899,900,958,959,960,961
962,963,964,965,966
847,967
384,968,969
488,521,525,528,531,532,970,971,972,973,974
950,975
976,977,978,979,980,981
982,983
984,985
136,183,274
691,986,987
988,989,990,991
64,105,918,992,993
117,147,352,783,994,995,996,997
998,999,1000
51,64,108,182,226,504,641,751,1001,1002,1003,1004,1005,1006
192,1007
1008,1009
867,1010
52,1011
1012,1013
757,1014
1015,1016
963,964,1017,1018,1019,1020,1021
13,17,21,330,331,332,368,481,496,550,740,741,836,1022,1023,1024,1025,1026,1027,1028,1029,1030,1031
227,693,725
28,84
97,98
88,1032
1033,1034
143,144,177,581,726,911,1035,1036,1037,1038,1039,1040,1041,1042,1043,1044
857,1045
266,414,422,437,443
678,1046
940,1047,1048,1049
1050,1051
196,209,286,458,1052,1053,1054,1055,1056,1057
1058,1059,1060
948,1061,1062,1063,1064,1065,1066,1067
593,658,660,682,1068,1069
1070,1071
703,1072,1073
573,833
1074,1075
1076,1077,1078
1079,1080
1081,1082,1083
20,1084
1085,1086
60,84,1087
953,1088
77,78,79,166,169,194,197,198,199,202,203,205,307,397,400,404,420,432,442,449,453,1055,1089,1090,1091,1092
1093,1094
408,693,857,1095,1096,1097,1098,1099,1100,1101,1102,1103
3,221,1104,1105,1106,1107
1108,1109,1110
1111,1112
385,975
1113,1114
93,1115
220,739,741
245,642,767,1071,1116,1117,1118,1119,1120,1121
1122,1123
593,1068
165,266,398,400,401,418,420,426,432,435,438,442,447,452,1124
121,515,705,918,1125,1126,1127,1128,1129,1130,1131,1132,1133
1134,1135
1136,1137,1138
382,967
137,522,1139,1140
68,1141,1142,1143
1144,1145,1146,1147
84,641
1148,1149
368,386,387,388,1150,1151
1152,1153
738,1025,1154
184,629
1155,1156
318,1157
43,444,1158
798,1159,1160,1161,1162
1163,1164,1165
509,556,881,1166
1167,1168
1169,1170,1171
678,1172,1173
12,483
302,1174
83,148,160,163,178,181,347,348,350,351,359,480,541,546,726,757,801,939,996,1036,1152,1175,1176,1177,1178,1179,1180,1181,1182,1183,1184,1185,1186,1187,1188,1189,1190,1191,1192,1193,1194,1195,1196,1197,1198,1199,1200,1201,1202,1203,1204,1205,1206,1207,1208,1209,1210,1211,1212,1213,1214,1215,1216,1217,1218,1219,1220,1221,1222,1223,1224,1225
147,149,151,596,996,1177,1198,1226,1227,1228,1229,1230,1231
1232,1233,1234
14,387,1151
1235,1236,1237,1238,1239,1240
334,378,570,599,614,621,623,625,859,861,874,1241,1242,1243,1244,1245,1246,1247,1248,1249,1250,1251,1252,1253
1254,1255
1118,1256
538,1257,1258
1035,1259
16,941
1260,1261
627,1262,1263
1264,1265
1266,1267
1268,1269
932,1270
349,757,791,799,802,809,1271,1272,1273
813,1251
1274,1275
1276,1277
19,1278
324,762,1279
496,1280
322,323,832
1281,1282
1283,1284
49,1285
463,466,467,471,472
151,227,359,541,546,734,797,895,936,994,1177,1182,1188,1194,1197,1203,1219,1225,1286,1287,1288,1289,1290,1291,1292,1293,1294,1295,1296,1297,1298,1299
51,693,857,1300
100,170,1276,1301,1302,1303,1304
320,1305
1306,1307
243,624
308,472,475,583,690,1308
182,1309,1310
1080,1311,1312
1313,1314,1315,1316,1317,1318
1111,1319,1320
1147,1321,1322
1052,1235
1323,1324
768,895,1309,1325,1326,1327,1328
437,842,1329
835,1029,1330,1331,1332
1333,1334
1125,1234
1335,1336
1337,1338
159,728,1295
607,1238,1339,1340,1341,1342
265,268,270,945,1343
122,1093
226,545,1344,1345
1346,1347,1348
1349,1350
55,329
484,485
1351,1352,1353
1354,1355,1356
623,1357
171,488,489,1358,1359
322,1360
339,591
1361,1362,1363
178,657,908,1190,1364
868,1365,1366
597,878,888,1253,1367,1368,1369,1370,1371,1372
97,1373,1374
98,149,154,163,164,347,352,355,541,543,545,546,547,803,812,1177,1182,1188,1191,1192,1197,1203,1219,1288,1292,1299,1375,1376,1377,1378,1379,1380,1381,1382,1383
826,1384,1385
828,1386,1387
1388,1389,1390
253,394,1391,1392,1393,1394,1395
357,1068
264,947,949,1061,1396,1397,1398
856,857
336,628
586,587
241,307,449,1399
662,1400
327,1401
1175,1210,1288
400,1053,1402,1403
1013,1404,1405
1406,1407
1408,1409
378,440,1410,1411
748,1412,1413,1414
1408,1415,1416
1033,1417,1418
159,253,371,728,1087,1394,1419,1420,1421,1422
962,1423
739,1118
1424,1425
105,299,702,993,1100,1426
1427,1428
880,971,1429,1430
883,1431,1432
328,330,1003
349,596,796,1433,1434
245,945
36,43,208,209,211,213,415,813,1248,1336,1435,1436,1437,1438,1439,1440,1441,1442,1443,1444,1445,1446,1447,1448,1449,1450
1451,1452
68,255,480,698,795,857,1095,1096,1100,1101,1103,1113,1289,1426,1453,1454,1455
77,200,413,416,424,425,430
1041,1456
145,147,148,150,155,157,161,162,164,1229,1457,1458,1459
1460,1461
1462,1463
211,460,611,711,1235,1464
843,1103,1465,1466
1467,1468
1061,1065,1469,1470
82,94,512,627
1471,1472,1473,1474,1475
93,94,847,1476,1477,1478
1138,1479
245,625,1480,1481
1482,1483,1484
886,1485
146,164,324,359,762,774,908,1188,1199,1279,1472,1486
106,149,150,178,310,343,354,540,543,544,726,991,994,1187,1193,1195,1196,1203,1298,1376,1377,1487,1488,1489,1490,1491,1492,1493,1494
891,1495
322,323
1496,1497
1498,1499,1500
317,326,541,1188,1197,1286,1296,1492,1501,1502
329,365,1503
1504,1505
528,868,1506,1507,1508
162,163,1290,1471,1472,1473,1474,1509
454,576,598,599,600,601,859,1242,1244,1249,1510,1511,1512,1513,1514
521,1515,1516,1517,1518
206,1519
1289,1520
50,146,153,160,164,1458
1415,1521,1522
555,1467,1523,1524
216,1525,1526
220,741,1071,1527
462,533,1528,1529,1530,1531
538,539,1532
193,1533,1534,1535
806,1432
132,938,1181,1536,1537,1538
271,1539,1540
1265,1541
112,1341
222,1542
1543,1544,1545
823,1546,1547,1548,1549
741,1154,1256,1550
970,973,1551,1552,1553
35,58,1554
1174,1555
1512,1513
295,1556,1557
371,593,708
26,1558
172,1036,1559,1560,1561
1562,1563,1564,1565
1566,1567
1568,1569,1570
97,146,163,352,353,359,726,757,939,996,1186,1204,1207,1211,1373,1491,1571,1572,1573
150,1203,1222,1574,1575
1361,1362,1363,1576
1577,1578,1579,1580
177,351,555,626,1110,1427,1473,1478,1581,1582,1583,1584
5,209,243,244,245,621,991,1407,1483,1585,1586,1587,1588,1589,1590,1591,1592
1593,1594
321,1595
1596,1597
323,487,523,564,1276,1595,1598,1599,1600,1601,1602,1603,1604,1605,1606
1607,1608
701,1238,1437,1438,1446,1609,1610,1611,1612
78,79,166,169,194,195,197,198,199,201,202,203,204,205,398
12,365
378,621,1613
288,1159,1614,1615,1616,1617,1618,1619,1620,1621
519,1032,1622,1623,1624
1625,1626
740,1627
1526,1628
1629,1630
924,1631
1632,1633
1296,1376
36,40,43,77,208,211,215,424,1437,1440,1442,1443,1447
540,1489,1573,1634,1635
1291,1378,1459
188,1200,1636
1087,1637,1638,1639
1640,1641
1278,1642
423,606,1050,1059,1643,1644,1645
318,319,1157,1646
962,1647,1648
336,470,738,873,900,920,959,971,1074,1239,1649,1650,1651
1652,1653,1654
924,1655,1656
748,1413
1657,1658
960,1659,1660,1661,1662,1663,1664,1665,1666
15,20
1275,1667,1668,1669
182,1670,1671
74,192,262,264,279,544,923,1064,1672,1673,1674
172,289,1206,1214,1219,1561,1618,1675,1676,1677,1678,1679,1680,1681
472,583,590
299,1225
1073,1682
483,1683
14,27,84,1084,1151
1684,1685
178,350,1185,1473,1686,1687
136,520,523,1165,1605,1688,1689,1690,1691
350,1692
1693,1694,1695
244,1696,1697
324,797,938
1698,1699,1700
938,1701,1702
1613,1703
42,334,570,689,1241,1244,1250,1438,1704,1705,1706
1175,1707
304,1546
1038,1708
207,944
39,80,919,1326,1478
959,1709
78,169,447
185,272
725,1710
570,1250,1711
1341,1712
1713,1714
51,61,68,103,480,681,682,695,705,708,783,843,844,1110,1498,1670,1715,1716
203,438,1717
110,111
1718,1719
485,1422
634,1720
24,246
1721,1722,1723,1724,1725,1726,1727,1728,1729
781,1647,1648
60,84,256,641,642
640,1184,1212,1614
1146,1540,1556,1730
1731,1732
741,1733
940,1049
244,1585,1591,1592,1734
144,1209,1677,1735
570,771,878,1429
39,233,606,1007,1623,1624,1736
8,642,1737,1738
105,1131,1133,1739
50,699,800,1740
738,920,1074,1651,1741,1742,1743
1744,1745,1746
508,1701,1747
998,1000,1748
657,756,897
1749,1750
30,1751
39,1282,1326
68,294,1752
185,272,487,523,933,1165,1276,1602,1605,1689
570,874,876,959,971,1250
836,1753
397,1754
1755,1756
24,1757,1758
1759,1760
741,1761
1762,1763
1540,1764
245,612,1529,1657,1765,1766,1767,1768,1769,1770
481,1771
78,166,195
1588,1772
1773,1774,1775
666,1776,1777
1527,1778,1779
894,1212,1219,1676,1677,1780,1781,1782
1652,1783,1784
866,937,1136,1138,1785,1786,1787
1558,1788,1789,1790,1791
288,902,1204
961,1021,1511,1792,1793
439,533,611,612
684,1230,1377,1794,1795
1244,1369,1796,1797,1798
118,240,264,307,308,333,642,941,945,948,1398,1399,1402,1799,1800,1801,1802,1803,1804,1805
119,176,307,501,954,1806
77,411,446,1341,1531,1807,1808,1809,1810,1811,1812,1813
376,1413,1414,1599,1745
51,72,105,433,693,698,795,857,1096,1098,1099,1103,1752,1814,1815
93,1068,1069,1262,1476,1747,1816,1817,1818,1819,1820,1821
921,1822
1745,1823
90,121,123,383,1824
700,980
462,942
371,759
1278,1825
397,398,401,412,418,426,435,437,442,577,1124
36,43,77,209,213,416
1826,1827
373,686,831
1357,1741
44,45,1828,1829
911,1830,1831
183,569,599,899,900,959,960
263,923
1323,1756,1832,1833
51,508,684,1834,1835
936,1379,1687
317,886,1485,1836
991,1837,1838
1839,1840
1396,1841
686,831
798,804,1842,1843
23,1844
68,325,926,1096
678,1046
896,1421
137,1845
1304,1652,1846,1847,1848
1849,1850
895,1152,1231,1687
1851,1852,1853,1854
684,1814,1855
1504,1505
1570,1856,1857
1657,1827,1858
570,610,614,1250,1251,1859
1289,1860,1861
373,1862
855,1271,1863,1864
352,1572
680,684,1814
966,1833
1865,1866
37,460,767,771,1123,1588,1867,1868,1869,1870,1871,1872
1662,1873
917,1426,1874,1875,1876
200,413,424,425,447,451
681,699,710,1877
1341,1878,1879
729,1782
405,448,767,1773,1799
1880,1881
135,710
180,1882
1883,1884
405,1661
1852,1885,1886,1887
1269,1888
1014,1889
1796,1890
401,426
525,1891
923,1028,1892,1893
617,1894
710,927
802,1076,1153,1881
206,207,733
392,957
75,363,1895,1896
903,904,1591
68,70
361,362,470
662,806
14,368,386,387,388
772,1500,1782
153,154,785,805,908
319,1897
17,1898,1899
226,894,896,1327,1364,1421,1687,1900,1901,1902,1903,1904
666,1406
217,739
301,1905,1906
1519,1907
1244,1908,1909
470,876,1910,1911,1912,1913
528,1914
413,1264
114,897
1084,1139,1915
128,130,390,458,1607,1916,1917,1918
94,345,1641,1919
1920,1921,1922
740,742,1154
176,333,368,385,923,1074,1627,1743,1923,1924,1925
1926,1927
539,1322
99,116,1433
275,1772,1928
103,181,595,596,784,1219,1230,1288,1929,1930,1931,1932
640,1270
516,1172,1173,1933,1934,1935,1936,1937
65,614,746,1938
1417,1896
1939,1940
582,1857
1646,1941,1942,1943
543,1794
581,1944
677,1046,1945
1225,1289,1946
176,205,507,948,949,1266,1403,1544,1592,1806,1947,1948,1949,1950,1951
68,103,143,150,479,480,508,543,544,581,681,684,709,726,800,857,882,911,912,918,991,994,1035,1040,1041,1042,1044,1095,1101,1180,1184,1185,1192,1193,1195,1216,1219,1221,1222,1289,1419,1490,1581,1583,1708,1715,1794,1795,1831,1860,1946,1952,1953,1954,1955,1956,1957,1958,1959,1960,1961,1962,1963,1964,1965,1966,1967,1968,1969,1970,1971,1972,1973,1974
50,509,1975,1976
1095,1101,1977,1978
374,1084
1979,1980
74,370,1981
405,1982
880,899,959
15,740,1709
220,333,740,1527,1983
117,701,1219,1617,1794,1795,1957,1984,1985
943,1986,1987
628,1988,1989,1990
188,804
1653,1991
864,1138
820,1992
40,1993
1754,1994,1995
1085,1980
1474,1996,1997
182,593,1501
86,481,753,1023,1998,1999,2000
1276,1602
408,1113
483,484,485,2001
27,28,2002
119,2003
95,512,627
78,165,166,169,453,1090
50,103,343,350,543,544,545,684,701,709,782,783,801,1185,1188,1199,1213,1231,1376,1494,1716,1740,1795,1931,1952,1965,1984,2004,2005,2006,2007
401,421
632,915
1073,1727
154,178,774,1364,1636,2008,2009,2010
36,2011
1259,1618,1619,1677,1678,1957,2012,2013,2014
520,1360,1601
836,1503
221,1823,2015
593,1835,2016
27,49,84,256,368,373,397,405,436,459,460,478,921,950,988,1087,1285,1326,1420,1799,1882,2017,2018,2019,2020,2021
676,677,2022
618,2023
405,1799,2024
487,522,523,1595,1599,1601,1602,1688,2025,2026
77,200,398,399,403,408,418,425,432,2027
1447,2028,2029
867,2030
311,1378
215,607,1342,1444,1445,1612
2031,2032
228,823,827,1384
1147,1322,1755
1693,2033
7,1632
504,678,1033,1046
103,150,161,326,480,563,684,701,705,726,783,992,1195,1199,1203,1204,1206,1213,1219,1222,1230,1377,1491,1494,1708,1716,1740,1794,1931,1984,2034,2035,2036,2037,2038
68,77,103,150,177,178,211,480,543,544,631,680,681,684,697,699,702,705,710,847,882,917,925,926,927,991,992,1126,1219,1446,1448,1455,1465,1494,1520,1706,1708,1715,1740,1782,1794,1855,1875,1876,1984,2039,2040,2041,2042,2043
1255,2044
1694,2045
276,470,923
84,1084,2046
561,1499
55,583,2047
182,808,1345
307,308
40,1576,1589,2048,2049,2050
375,748
371,792,2017
467,2051,2052
1549,2053
1754,2054
747,1705
272,376
2055,2056
2057,2058,2059
540,542,2060
160,316,317,371,545,758,761,782,784,786,797,807,810,812,909,1207,1287,1291,1381,1638,1860,1932,1964,2061,2062,2063,2064,2065
1091,1235,2066,2067
665,733,1088,1252,1398,1563,2068
920,1651,1742,1743,2069,2070,2071
390,2072,2073,2074,2075
360,570,599,601,623,624,859,874,878,880,1242,1249,2076,2077
76,1034,1418
773,918
1873,2078
536,2079,2080,2081
103,2082
111,303,650,651,652,666,1162,1558,1772,1866,2083
119,1403
18,259,1789,2084,2085
42,58,77,194,209,428,436,1053,1091,1235,1929,2086
65,66,67,2087,2088
256,899,1638,2002,2089,2090,2091
993,1095,1101
77,398,1808,2092
61,154,178,1375,1985
596,1152,1200,1378,1638,1922,2093
16,308,1059,1080,1741,2094,2095
65,1619,2096,2097
2098,2099,2100
342,346,358,542,593,658,660,682,727,1068,1109,1200,1498,2101,2102,2103
226,2104
579,1040,1137,1785,2105,2106,2107
1073,2108
405,2057
741,1070,2109
1167,1735,2110,2111,2112
2113,2114
1369,2115
187,1096,2116
252,559
498,741,1741
267,950,2117,2118,2119
68,681,694,706,708,1102,1143,1453
562,563,680,1126,1954,1956,2120
1225,1486
1506,1528,1530,2121
853,1643
5,624,1483,1589,2069
2122,2123
667,1049,1723,2124,2125,2126,2127,2128
257,844,1265,1309,2129
219,2130
204,378,405,462,1528,1529,1904,2131
40,41,42,43,58,208,711,1443,2132,2133
65,2134
861,1251
274,488,2135,2136,2137
1562,1563,1565,2138,2139
39,991,2140,2141
133,776,1114
45,102,296,2142
74,2143
1515,2144
378,1341,1801,2145
2146,2147
103,159,227,325,757,759,789,791,799,1153,1272,1345,1419,1750,2148
405,1703,1799,1854,2149,2150
1436,1841,2053
991,1585,2151
895,907,1231,1296,1687,2004
1386,2152
774,796,801,925,1433,1932,2153,2154,2155,2156
90,123,649,722,1049,2126,2157,2158
985,2159,2160
2161,2162
1481,1544,1565,2163,2164,2165
1672,2166
1025,1983
657,1636,2167
26,558,666,1558
226,759,797,1295,1376,2062
223,263,2168
1096,2169
887,1132
573,574,833
756,2170
464,466,583,1546
2171,2172
580,847,1456,1946,2173,2174,2175
105,161,345,1040,1477,1524,1960,1976,2176,2177,2178,2179,2180,2181
508,1976,2182
165,168,401,426,447
387,1151
353,1068
512,689,2183,2184
1413,1414
226,936
1235,2028,2185,2186
24,1757,1758
454,889,1511,1514,2187,2188,2189
1481,1827
2073,2075
2190,2191
43,213,416,1443
807,1200
1664,2192
140,574,1263,2193
1517,2194,2195
12,2196
310,350,355,359,1182,1210,1290,1292,1509,1640,2102
2081,2197
860,1385
103,150,161,162,680,684,701,782,783,992,1230,1299,1377,1466,1708,1740,1794,1931,1984,2035,2178,2198
115,158,164,1292,1854,1901,2056
480,1132,2199
950,1753,2200
223,2201
741,1530
1788,1789
611,613,614,1437
334,599,625,689,1249,1250,1251
235,1723,2202
105,412,708,728,918,1131,1739,2203
507,2164
839,953,1398,1739,2204,2205,2206
2207,2208
880,899,2209,2210
1744,2211
695,917,926,1465,1876,1978,2041,2212
584,750,752,1304,1693,1694,2213,2214
2215,2216
315,317,886,1836,2217
1443,2218
343,1201,1376,1860
694,706,1095,1100,1453
1641,1919,1976,2219,2220
956,1623,1774,1775,2221
36,40,43,58,77,167,169,194,196,199,200,205,211,213,403,404,418,424,432,445,453,533,611,613,711,1055,1091,1097,1121,1435,1531,1586,2066,2067,2185,2186,2222,2223,2224,2225,2226,2227
100,1796
1154,1733,1741,1927
307,507
24,767,988,2131
21,327,365,836,838,1503,2200
1339,2228,2229
2230,2231
1100,1426,1453
605,739,2215,2232,2233
2018,2234,2235
51,1835
326,760,782,784,788,797,800,802,807,1378,1638,1864,2236
2237,2238
1378,2239
2096,2097
14,84,256,2240
271,375,487,522,564,748,1165,1276,1599,1602,1690,2025
132,349,708
1235,2241
90,338,1727,1729
77,453,1055,2132,2186
20,64,256,349,371,386,507,641,1087,1421,1638,1873,2017,2242
1512,1513,2243,2244
556,593,799,803,809,1194,1293,1298,1466,1538,1819,1929,2007,2093,2217,2245,2246,2247,2248,2249,2250
1274,1275
122,2251
2146,2252
300,460,611,711,1235,1464,2253
727,2102,2254
1947,2255
136,137
2256,2257
2258,2259
1555,2260
871,1802,2261,2262
58,1091,2185
622,859,860,1251
247,537
1952,2034,2263,2264
542,593,594,658,660,727,1068,1109,1499,1537,1715,1880,2265
68,702,795
1516,1517,1728,2202,2266,2267,2268
756,806
940,1361,1549,2269,2270,2271,2272
1915,2234
1809,1813
33,252,769,989,1868,1870,2071,2223
225,923,1825,2164,2273
1935,1936,2274,2275
5,2276,2277
1879,2278
1651,2279
224,499
2280,2281,2282
1049,1050,1321,2283
1749,1905
495,496
717,2284
1696,2269,2285,2286,2287,2288,2289
8,1737,2046
337,1362
47,48,882,1289,1581,1715
14,84,507,2290
253,2291
264,2292
671,2293,2294
717,2284,2295
815,1845
135,1582,2296,2297
752,1003,1265
45,233
44,45,1772,1995
573,1348,2298
703,1643,1644,2299,2300,2301
77,200,413,418,425,1089
1346,1748,1777,2302
651,1866
201,403
36,43,208,209,211,213,214,415,416,427,430,1056,1437,1442,1443,1447,2303,2304
209,266,436,2186,2303
1342,2029,2228
385,386
165,408,418,445
68,1036,1225,1973,2060,2181,2305
512,2183
350,541,801,897,996,1152,1182,1188,1192,1197,1204,1219,1295,1692,1782,2306
177,319,777,2045
1930,2307
493,1027,2308
40,1993,2050
2309,2310
779,2311,2312,2313
1569,2314,2315
256,2090
429,2316
933,2026,2317,2318,2319
1205,1477,2249,2296
1738,1743
75,2320
295,1774
1059,2321
373,1088,2322
65,1035
333,405,436,731,741
68,72
898,1597,2192,2323
36,1246,2324
229,636,934,2325,2326
113,118,264,307,333,507,642,741,921,948,1402,1799,1800,1801,1804,2327,2328
817,1865,2329,2330
2331,2332,2333,2334,2335
36,625,1090,1121,1401,1765,2336,2337
226,2338
1810,1811,1812,2339
161,895,1199,1202,2340,2341,2342
916,2249
607,1712,2228,2343
100,334
575,982
132,938,2344
1307,2345
970,2346
2347,2348
2349,2350,2351
466,474
1409,2352,2353
422,2354
2207,2355
1362,2215,2356,2357,2358
448,2304
105,2184
50,351,1537,1670,1819,2247
29,170,1165,1304,1324,1371,1910,2359,2360,2361,2362,2363
27,60,245,385,386,388,550,1150,2046,2290
51,693,1300,2364,2365
349,846,847,916
552,2366
185,272,1277
659,1291
174,175,1547
228,829,2367,2368
2369,2370
234,2371
926,2192
596,809
664,750,752,1405,1691,1694,1789,2033,2299,2372,2373
700,1811
65,1619,1621
1236,1240
650,819,1346,1348,2054,2298,2374,2375
374,2376
461,2207
1592,2377
1637,1638
1004,1904,2046
1497,2378
295,1556
234,235,1865,1945,2379,2380,2381
555,1640,1816,1817,1820,2220,2382
1093,2383
78,399,435
593,1068
2384,2385
2386,2387
25,44
143,2388
2389,2390
1344,1795
330,448
97,98,146,162,163,178,310,348,350,371,512,541,757,762,801,812,907,1069,1177,1182,1188,1190,1197,1199,1204,1210,1221,1271,1290,1292,1374,1471,1487,1489,1509,1581,1716,1863,2007,2062,2148
830,1303
2174,2391
144,173,1219,1561,1617,1676,1678,1954,2388,2392,2393,2394
524,1602
2395,2396
146,164,895,897,907,1188,1197,1199,1231,1286,1296,1297,1538,1687,1692,2004,2342,2397,2398,2399,2400
2058,2059
319,1897
1266,2401
140,574,1346,1348,2054
717,719
142,581,911,1040,1044,1955,1956,1961
1048,2402
132,2403
339,1026,2404
51,155,937
1529,2405
2159,2406,2407,2408,2409
967,2410
237,1656,2411
177,627,1524,1747,1817,1820,1834,1919,2220,2382,2412
1093,1723,1725,2127
113,1550
1102,1339,1819
333,746,1741
27,922,1421,2018
1842,2184,2413
610,1827
731,1394,2211
1018,1021
34,176,386,436,571,572,625,859,860,862,1239,1252,1357,1367,1371,1372,1441,1612,1649,1650,1711,1802,1947,2018,2031,2032,2076,2224,2414,2415,2416,2417,2418,2419,2420,2421,2422
345,1831
917,2423
717,1599
1508,2424
2425,2426
1276,1602,1603,1605,1688
20,276,385,386,388,550,1150,2427
873,1242,2428
43,1061
2429,2430
177,581,681,882,912,1040,1042,1044,1831,1961,1969,1973
1713,2426,2431
329,940,1026,2432,2433
1801,2260
265,268,1343,2434,2435
1974,2436
526,2437
181,1344,1454
1292,2342
12,1156,1949,2001,2438,2439,2440
574,998,1000,1521,2441
1755,2442
1712,2086
136,1334,1630
1235,2225
444,501,1642
157,158,1457,1780,2340,2443
48,480,911,1289,1520,1946
64,349,353,855,1068,1271,1467,2008,2017,2043,2444,2445
664,1311,1322,2446
64,349,855
457,599,601,635,878,1249,1369,1511,1514,2447,2448
661,1507,1714,1779,2449
107,226,750,752,1003,1005,1376,1750
1627,2272
1128,2450
2451,2452
1055,1993,2453
331,2454
54,1059
991,1664,1802,1891,2057,2455
1940,2456
1293,2457
82,345,347,358,727,847,937,1110,1997,2102,2103,2254,2344
349,595,776,808,1843
1302,2420
938,1100,1426
1336,1438,1449,2458
1532,2439,2459
17,329,331
665,1519,2460
182,844,2129,2461
155,177,2462,2463
1601,2319
1179,1186,1194,1222,1575,2006
83,142,2020
26,110,558,1558,2464
316,459,1325,1799
1557,2465
203,438,2466
1302,1369,1370,1796,1797,1798,2115,2187,2467
46,847,865,911,2468
46,47,48,701,882,1715,2469
116,886,2470
263,2215
513,1062,2391
28,1151
105,561,592,593,1638
40,379,1246,1510
739,741
290,1025,1079,1406,2471
625,985
40,1438,2453
544,726,1195,1490,1491,1493,1635
1398,1519,2472
1601,2318
1232,1356,1547,2166,2321
78,79,166,169,195,197,198,199,202,203,205,420,453,2186,2473
973,1552
350,1692,1782
12,15,16
454,528,963,1017,1018,1021,1429,2187,2474,2475
177,346,658,660,682,1068,1468,1471,1583,1921,2476,2477
543,726,1195,1492
239,511,561,2478
2479,2480
206,306,507,665,944,948,1088,1398,1519,2068,2481
714,716,2482
1601,1602,2026
1746,1828
226,1345
154,556,734
738,2483
751,2484
2485,2486
1081,1083
180,182,226,342,1265
1027,1028,2487,2488
300,711,2227,2466
226,656
40,945,1054,1057,2489
2490,2491,2492,2493
1928,2494
87,512,566,1819,1835
487,933,1690
506,1363
68,857
2,191,2495
66,1467
1376,1487,2263
26,1558,1744
73,1701,2216,2496
56,57
187,2116
1456,2199
183,861,2497
102,487,523
134,135,886
368,2498
311,595,788,800,807,808,1200,1378,1638,1881
271,376
145,1036,1183,1186,1187,1209,1213,1226,1490,1575
857,1096,2169
465,2275,2499
1857,2296,2500
691,2501,2502
2163,2503
374,2240
1508,2504
191,2310
51,294,1300,2505
1136,1138,2506
480,886,2249
226,2154
1316,1646
2507,2508
294,427,843,857,1045,1096,1970,2324,2508,2509
606,1644,1866
51,508,1476,1834,1835
1255,2510
1979,2511
2512,2513,2514
24,537,1757
1321,2515
459,2235
487,1276,1599,1600,1602,1603,1605,2026,2318
1914,2484,2516
28,245
864,2517
492,1461,2072,2518
811,2519,2520
385,642,2427
182,226,1005,1265
118,492,493,1155,1330,1460,2073,2074,2521,2522,2523,2524,2525,2526,2527,2528,2529
64,188,843
1729,2127
182,227,936,1749,1750
496,1518,2530
599,600,859,860,1249,1367
1436,2531
926,2341,2532
292,294,857
1263,2533
2433,2440
90,2237
1559,1634
593,682,844,1572,2534
1701,2216
1743,2070
1301,2535
1264,2407,2536,2537
113,740,1527,1741,2538
164,770,775,990,1903,2045,2539,2540
19,1278
1334,1691
746,1852,1885
159,1191,1279,2065
97,800,1692
176,625,1562,2541,2542
2192,2543,2544,2545
14,20,84,386,387,2546
16,2406
93,640,707,911,912
1021,1938
263,666,940,987,1072,1147,1361,1556,1623,1669,1865,2002,2080,2081,2094,2123,2197,2329,2330,2515,2547,2548,2549,2550,2551,2552,2553,2554
815,2135
2338,2555
1601,2556
2557,2558
488,489,1359,2025
589,2559
1950,2560
323,2561,2562
1774,2563,2564,2565
45,1914
1481,2449
487,1276,1602,2026
368,385,836
226,595,790,2198
863,2566
2122,2324,2567
139,140,564,713
1232,1234
176,307,501,507,945,948,951,952,954,955,1403,1805,1948,1951,2053,2568
2185,2569
885,2570
579,2571
44,233
694,706,843,857,993,1300,2572,2573,2574
1498,2263
806,1106,2575
796,1434,1636,2576
109,1558
767,2019
1591,2577
907,1231,2004
86,1023,1332,2000,2440
998,1000
965,2578,2579
2580,2581
36,1339
99,133,316,1114,2463
226,1213
480,2582
901,1901
2583,2584,2585
278,1029,1330
247,560
1353,2586
96,1115,1185,1472,1474,1475,1996,1997,2587
668,1928
2588,2589
1576,2048,2049,2590
113,1927
1051,2591
1072,2123
26,55,190,191,366,967,2040,2113,2379,2433,2592
324,2470
70,1096,1103,2534
14,20,84,366,2593
51,64,349,1835,2445
1751,2441,2594
294,857,2595,2596
182,227
593,660,845,1068
2417,2467
2597,2598
112,742,2547
77,414,2343
521,1482
243,244,245,2599
982,2361
303,2600
816,2601
39,2180
235,2202
2602,2603
2471,2604
188,1376
544,1997
245,2605
405,573,966,1324,1337,1371,1574,1776,2058,2193,2317,2319,2360,2368,2533
541,593,1068,1192,1197,1203,1204,1286,1297,1710,1782,2606
568,572
1032,2607
55,605
144,318,595,803,1189,1735,2096,2198,2307
492,493,2075
113,333,740,1027,1118,1927,2608
940,1011
68,72,2609
489,528
697,882,1958,2610
260,1049
262,278,502,2611
854,1599,1600
1163,1558,1788,2612
1328,1664,1802,2613
77,2066,2067,2185
68,579,1137,1708,2107,2436
722,2502,2614
132,938,1863,2239
1924,2069
494,1050
2045,2192,2539,2540
1477,1953,2176,2296,2615
2616,2617
259,1789
5,303
555,1219
299,2212
480,709,1581,1715,1814,1818
1337,1365
58,59,2618
916,1456
77,209,212,213,214,266,396,416,436,689,1052,1057,1918,2227,2466,2619
1004,1006
307,411,2453,2569
655,2620
520,763,826,1659,1664
1233,2621
2622,2623
1300,2557
2166,2624
249,2585
1915,2057,2234,2235
51,69,592,1271,1499,2016,2140,2183,2184,2582,2625,2626
1484,1741
973,2023,2233
892,2627
1256,2560,2628
65,659,1524,1619,2096,2412,2629,2630,2631
725,938
405,1661,2632
209,577,621,1483,1588,1590,2049,2069
215,1712
274,2121
369,2577
642,1390
2585,2633
847,916,1126,1831
1438,1446,1448,1449,2634
109,111
1478,1787,2174,2350,2351,2635,2636,2637,2638,2639
186,587
321,854
277,2196,2640
108,1049,2479,2641
119,494,1066,2053,2642,2643
15,211,476,496,507,529,625,671,906,1064,1139,1247,1278,1525,1544,1564,1657,1704,1852,1859,1947,1950,2255,2293,2555,2560,2644,2645,2646,2647,2648,2649,2650,2651,2652
2594,2653
1098,2654,2655
704,1874
2196,2656
1140,1914
217,340,740,1070,1071,1134,1256,1406,1983,2425,2426,2628,2657
1229,2097,2629
2658,2659,2660
2661,2662
2663,2664
671,2665
2666,2667
667,998,1000
218,959,1743
1283,2456
2668,2669
117,359,901,902,1206,1677,1678,1680,1681
140,2670
613,1422
1938,2671
2511,2672
921,2566
2405,2673
220,739,1118
1162,2005
888,1244,1246,1253,1711
209,533
186,1847
36,43,77,194,208,209,211,213,215,266,402,407,416,436,534,1437,1440,1441,1442,1443,1447,1450,2186,2634,2674
1476,1819
575,969
1067,1825
192,338,823,923,1303,2166,2675,2676,2677,2678
436,440
488,489,520,933,1277,1599,1688,2679,2680
329,904,905
433,1752
2258,2605
15,521,731
462,820,1802
581,1652
220,739
1106,1517
78,165,167,168,196,199,200,205,245,266,396,397,398,399,400,401,402,403,404,405,408,410,412,413,415,417,420,421,424,425,426,428,432,433,435,436,437,438,439,440,444,445,446,447,449,451,452,453,459,478,577,1055,2016,2049,2186,2377,2681,2682,2683,2684
947,2685
103,709
179,1902
667,2361
2026,2318,2319
1068,1287,2686,2687,2688,2689
998,1000
654,924,1631,2690
1938,2078,2691,2692
1725,2125,2127
918,2693
1034,1896
2347,2694
209,621,867,1245,1588,1734,2225
1163,2695
51,96,132,239,317,514,632,659,1836,2478,2587
182,2696,2697,2698
2699,2700
65,1619,2110,2701
221,552,1116,2702
1171,1888
808,1877
1,25,109,111,557,558,1558
86,481,755,1023,1999,2440,2703
1865,2378
185,272,520,715,1165,1276,1602,1605,1721,2284
133,134,1113,1114,2249
46,47,48,684,709,847,882,911,912,918,1044,1195,1946,1961,2468
573,982,1546
128,184,629,679,2704
177,178,882,1040,1042,1956,1961
44,45
18,258,259,420,2084,2085
1552,2705
867,2309
1463,1940
83,355,1478,1640,1782,1817,2016,2220,2476
1545,1936
1724,2070,2706
909,1185,1204,1213,1491,2673
371,1201
470,471,585
149,162,163,188,310,348,350,352,774,846,1182,1292,1509,1692
601,622,878,2076
253,2291,2707
625,899
593,2093,2247
346,556,908,1200,1291
340,341
1269,2590
589,2708
1013,2299,2709,2710
233,235,2711,2712,2713
1933,1937
1729,2678,2714,2715
2716,2717
569,572
959,1822,1923,2718
636,638,935
1470,2585,2719,2720,2721
515,2722
368,374,385
21,483,2723,2724
1453,2725
1050,1682
1056,1503
255,1281,1282,2042,2726
806,1271
356,847,2727
87,1364
774,1162,2728
136,487,715,1276,1599,1605,2025,2691,2729
177,480,855,1500,1581,1583,1818,2477,2500
709,912
470,880
740,2426
986,1645,2158,2515,2730
110,1107,1915,2495
1012,2283,2731
1914,2531,2605,2732
296,2318,2733
1219,1678
51,684,911,1787,2734,2735
78,1580
1264,2736
77,292,396,398,399,400,401,402,408,413,416,418,421,426,429,432,437,440,447,449,451,577,1410,2028,2737,2738,2739
2650,2705,2740
514,1265
523,1691
311,807,936,937,1344,2236,2655
591,2741
1071,2426
73,98,684,887,2184,2199,2742
332,2274
2460,2471,2743
1403,1555,2139
1306,1891,2744
235,2202,2712,2745
2622,2623
182,2746
1777,2302,2747,2748
209,243,440,577,885,1245,1480,1585,1586,1588,1589,1590,1591,1592,1734,1799,2048,2049,2069,2086,2151,2225,2655,2749,2750
498,499,928,2262,2751
61,346,1298,2752
636,2753
515,967
63,459,462,2018
605,1032,1894,2754,2755
487,520,523,525,529,532,1165,1276,1602,1604
280,281,282,494,504,1702,2196,2308
2503,2685,2756
280,2003,2757,2758,2759
326,783
68,912,918,1044,1193,1195,1376,1520,1946,1953,1965,1971,1974
642,1390
354,626,1108,1500,1582,1583,1782
245,906,1544,1714
460,2760
1758,2431
318,594,939,1897,2017,2276
308,2761
204,406
1204,1930
373,686
1278,1363
2068,2594
80,508,1919,1968,1976,2220
276,1003
62,63
487,1600,2026,2318,2319
1104,1539
315,325,349,556,1279,1421,1433,1636,1638,2405,2673
15,223,423,521,974,1010,1278,1393,1622,1673,1865,2560,2762,2763,2764,2765,2766
2767,2768
1068,2248
83,1181,1204,1213,1225,1490,2055
2072,2075,2528,2769
959,2770
670,672,1399
253,1777,2302
1276,1603,1605
796,1434,1498
597,878,1244,1367,1369,1371,1372,1510,1798,1872,1909,2091,2771
334,335,1250,1251,1709
580,2173,2174,2350,2517,2636,2772,2773
1358,2774
1709,1799
306,953,1088,1398
957,2775
1106,1161
8,2776
507,948,2472,2481,2604,2777,2778
1162,2779
118,2780
865,911,912,1044,2468
371,1285
54,64,1432,2215,2410,2781
106,1324,1594,2080,2252,2372,2552,2782
2244,2441,2783
349,1816
776,1843
2784,2785
480,562,680,684,697,707,726,1377,1708,1814,2199,2786
956,957,2775
480,1638
1015,1016
582,848,2787,2788
98,907,908
324,762,1427,1716
1352,2268
1303,2789
569,2447
221,2790
319,716,2307
2173,2174,2636
52,53
346,1078
1111,1313,2791,2792
468,590
1059,1080,2560,2793
77,300,478
1774,1775
1831,2097
174,2794,2795
74,76,591,678,689,1033,1034,1085,1418,1495,1732,1933,1937,2617,2796,2797,2798
913,1451,2799,2800
109,1404,1540,1558,2360,2368,2552,2567,2801
659,1294
68,2802
2193,2533,2803,2804
245,423,1552,2805,2806
959,1074
210,1982,2002,2549
2807,2808,2809
2810,2811
931,1035,1040,1043
240,1264,2812
897,901,1780,2060
177,2111,2296,2813
253,779,999,1601,2291
741,941,1406
1277,1360,2814
844,1639,2021,2815,2816
948,2238,2433
2097,2177
227,343,1109,1190,1213,1572,2192,2248,2344,2477,2817,2818
209,211,213,416,1440,2819
100,101
14,20,84
622,899
1349,2820,2821
418,437
2116,2622,2623
68,1099,1815,1970
2567,2801
942,1116,1421,1530,1767
43,428,1437,1448,1705
1166,1465,1957,2140,2822
1901,2050,2207
839,2095,2358
154,1376
51,349,485,791,937,1200,1272,1345,1378,1889,2405,2445
485,2592
940,1593
220,739,740,1527,2608
25,110,111
96,2813
584,2823
2824,2825
581,1044,1956
317,1836,2576
273,2826
2827,2828
226,809,2247
140,1000,2257,2352,2353,2570
180,847,2341,2829
119,128,130,213,625
595,796,1434,1932,2153,2830
1759,2362
706,2831
481,836
77,200,399,403,408,411,418,424,432,446,1808
136,137
93,1476,1477
113,1118,2089
770,1867
76,2832
1313,2833
60,387,1151
1252,1435
654,1631
909,1434
1446,2834
2835,2836
102,296
1073,1682
1052,2837
1898,2838
97,359,774,1177,1182,1486,2839
139,574,2257,2840
1032,1116,1319,1320,1624,1736,2841
2424,2842
956,957,2814,2843
19,1278,1718,1719,2844
1463,2845
918,992
584,2213,2846
2847,2848,2849
16,55,226,329,629,991,2406
212,478
307,2664
308,1059,1627,2432,2514
573,653,666
822,1496,2146,2147,2850,2851,2852,2853,2854,2855
480,1286,1298,2689
738,2266
739,740,1025
239,1177,2839,2856
532,2747
443,603,733,1352,1550,1577,1630,1691,2202,2266,2314,2407,2409,2560,2743,2857,2858,2859
1576,2049
546,1219,1299,1380
467,1027,2860,2861
1148,2862
1396,1436
680,681,710,917,1102,1814,1978,2212,2863
961,1513,1792,1793,2210
1940,2456,2864
442,476,843
555,2182
234,338,554,1923,2865
454,456,457,470,628,1430,1511,2032,2862,2866
1995,2843
237,1652,1847,2411,2677,2867,2868
2869,2870
443,1879
2871,2872
127,245,1697,2512,2513,2546,2732,2873,2874,2875
217,220,739,740,741,853,1406,2547
8,245,405,942,1328,1585,2375
165,398,401,418,420,426,432,435,438,442,447,1124
1136,1265,2876
1094,2591
347,542,1471,1472,1572,2103
1400,2877,2878
418,2483
50,343,2344,2818
677,2879
665,1252,2880
556,937,1190
163,188,310,348,352,356,657,784,908,1177,1182,1183,1190,1217,1221,1290,1509,1636,2008,2009,2254,2881
311,315,788,790,791,800,807,810,1378,1864,2236
353,1255,1729,2510
1780,2829
536,798,849,850,2882
788,807,936,1378
15,28,386,2002
126,690,2514
530,636,934,2883
1578,1580,2543
556,728
308,1741
151,596,994,1187,1204,1490,1492,1930,1952,2884
940,1889
586,587,589,1452
488,489,1595,2135,2136,2317
1419,1501,1572,2344
593,594,1068,1271,1498,1499,2248,2265
71,135,1133,1465,2885
714,1073
570,571,614,747,1441,1514,1705
908,1364,1636,2008
1145,1146
149,158
2886,2887
295,2135
88,153,311,595,760,793,796,797,800,802,807,936,938,1076,1378,1434,1488,1864,2004,2148,2153,2655,2839,2888,2889
155,1680
2890,2891
454,2187
470,1709
2088,2892,2893
707,1270
14,15,27,28,84,256,1873,1882,2290,2894,2895
1091,2227,2466
2023,2896
395,2897
51,508
114,115,158,1316,1675,1942,2111,2898,2899,2900,2901
1809,2902
2903,2904
901,902,1212,1561,1619,2905,2906
25,26,110,111,558,1307,1558,2539,2600
46,48,68,96,105,150,563,681,701,847,865,882,911,912,917,1044,1453,1583,1836,1954,1959,1971,1974,2180,2573,2786,2907,2908
14,20,245,386,550,2909
888,1369,1797,2771
616,2910,2911
1479,1912
61,188,358,371,593,658,660,799,803,810,1207,1419,1498,1499,2061,2140,2247,2817
800,807,1864,1922,2236,2655
936,1224,2148
189,1255
178,567,627,1068,1537,1715,1818,2248,2477
895,907,1231
39,209,419,1327,2266,2268
1394,2456
3,2056
719,1557
2585,2912
2084,2371
252,560
54,192,389,1347,2380,2913
105,116,795,1876
609,2570
850,1013,1449,1534,1535,2458,2882,2914,2915
2916,2917,2918
744,745
14,20,385,386,550,1150,2427
2023,2233
209,245,1483,1585,1589,1592,2919
1064,2029,2920,2921,2922
51,61,68,480,681,682,695,708,783,843,844,1110,1498,1670,1715,1716,1880
957,2775
245,1945
251,1408,1416
786,2923
1119,1858
13,330,481,483,1683
15,373
497,950
971,1806,2166,2924
2,2144,2925
1115,1500,1537,2217,2587
90,441,1051,1557,1725,1729,2125,2324,2515,2675,2730,2926,2927,2928,2929,2930,2931,2932
211,631,640,1138,1248,1447,1450,2436
700,1810,1811,1812,2339
1273,1434
1293,2933
490,1155,1156,1267,1436,1696,1698,1700,2269,2288,2433,2529,2934,2935,2936,2937,2938,2939
1073,1146,1824,2324,2515,2649,2940
1895,1896,2237
534,1057
1604,2941,2942,2943
1355,2944
1235,1411
153,154,789
579,911,1035,1136,1138,1785,2571,2945
183,529
1320,1843
1028,2946
727,1110,1500,1582,2182,2947
921,2566
83,144,152,682,967,1095,1176,1225,1781,2658,2948,2949,2950
227,316,2062,2951
19,740,950,1031,2751
1539,2952,2953
303,652,1348,1365,1866,2083,2137,2954,2955,2956
1349,1350
0,26,2495,2957,2958
627,1166,2141,2176,2219,2959,2960
1743,2547
1306,2961
1587,2962
84,459,1075,1345,1799,2018,2020
139,176,959,1118,1372,1766,2089,2963
1115,2249,2964
480,1860
34,735,976,978,981,1448,1734,2049,2419,2965,2966,2967
1254,1255,1552,2913
1512,2968
21,329,842,1516
1291,1997,2101,2606
483,2592
822,2157,2283,2931,2969,2970
2366,2971
109,732
52,2661,2972
2057,2059
2628,2705
1,26,110,1558
271,564
80,93,94,345,1167,1288,1476,1478,1524,1581,1583,1641,1747,1782,1919,1968,1976,2177,2182,2219,2296,2973
217,220,1741,2070
2622,2623
55,2354
648,649,1261
982,2804
1327,1901
1347,1597
101,382,967,1422,1781
1826,2974,2975,2976
2123,2859
1141,1142,1875
2283,2731
1781,1915
608,850,2368
1504,1505,2524
310,324,350,1192,1292,1374,1474,1716,1932,2008,2010,2155,2169,2198
1744,2977
636,2326
378,1915,2057
68,70,71,294,681,695,698,699,704,705,710,795,857,925,1874,2043,2856,2978
1446,1448
594,734,1152
684,926
219,741,1031
800,1272
753,1892,2979
11,307,2046
894,991,1872,2057
1837,1838
631,1831
1047,1048,1549,1722,1723,2126,2402,2730,2974,2980
58,379,747,1244,1549
753,1892
2314,2981
480,992
940,1093,1405
61,593,658,660,1068,1419,1501,2752
167,922
2381,2864
1780,2340
336,622,958,1913,2982
226,309,777,936,1381
86,481,753,1892,2000,2440,2446,2703,2979,2983
343,358,593,658,682,734,1068,1109,1213,1381,1467,1468,1498,1501,1687,1710,1880,2061,2884
144,726,1039,1175,1176,1226,1295,1677,1735,2984
1526,2491
597,888,1253,1371,1372,2420
1550,1743
564,2319
383,848,2985,2986
64,239,1638
1404,2252
2851,2855
2127,2300,2712,2852,2987,2988
2103,2404
103,705,992,1344,1740,1794
51,592,1739
316,596,1152,2062
2177,2659
545,1376,1860,1965,2818
896,1153
149,152,359,939,1229,1571,2727
1025,2874
742,2758,2896,2953
1049,1321
650,651,2083
345,627,1427,1471,1747
378,1799
220,481,739,740,741,1025,2070
306,2989
110,748,1307
2054,2990
165,195,883,1052,1092
2991,2992
2803,2804,2993
714,716,717,721,2927
2994,2995
1602,1626,1786,2125,2996
245,1587
226,594,912,1193,1204,1491,1492,1930
1353,2586
311,807
74,688,689,851
2073,2074,2075,2997
1412,1833
39,1519,1550,2202,2271,2743,2755,2998
2999,3000
2714,3001
218,741,1025,1154,1278
671,2293,2294,3002
591,3003
718,744,745,1313
1035,1785
250,3004
1431,1481
2754,3005
219,327,328,331,332,482,690
219,366
483,1683,2454
1873,2150,2338,2416,3006
507,1234,1562,1628,1907,2138,2139,2163
106,2002,2047,2309,2329
1046,1945
107,1004
290,2437
64,101,382,843,967,1265,2403,3007
39,514,1739
222,1322
1766,1767,1769
217,1071,1256,2425,2426,2628,2657,3008
481,495,496
376,530
592,2245,2625
220,739,740
3009,3010
756,759
1316,2396,3011
580,1549,2517
34,771,1247,1650
1833,2193,2533
570,1368,1371,1372,2497
45,2142
959,1766,2070
822,823,826,2146,3012
245,661,1714,1779,1804,2449,3013
212,1589
200,212,215,424,429,478,1121,1531,1586,3014,3015,3016
665,948,1088,2481,2778
2434,2435
250,3004
36,43,213,416,2304,3017
2068,3018
593,1466
1935,2275
324,2037,3019
631,681,1708,3020
105,917
666,3021
240,945,952,985,1804
659,1109,1818
944,1355
2028,2226
845,2951
339,3022
1821,2625
178,1474,1996
514,2523,2822
682,1781,1902
39,69,201,403,1133,1326,2693
603,1235,3023
416,613
768,1801,3024
1642,2390
332,591
2100,2921
8,507,1567,1568,2497,2524,3025,3026,3027
774,796,801,1345,1427,1434,1932,2156
1814,2041,2505,2595,2760
642,1657,2023,2663
2451,3028
376,748
1344,2198
2607,3029
220,739,1406,2628
334,1061,1385,2337
1161,1313
481,1308
113,3008
8,27,58,78,129,167,333,366,378,459,604,651,735,833,957,970,1062,1063,1154,1326,1480,1673,1691,1771,1773,1799,1882,2083,2117,2310,2314,2622,2623,2628,2790,2894,2968,3030,3031,3032,3033,3034
357,855
1470,2937
1068,1113,3035
2669,3036
24,1757
119,128,130,334,1252,1403,1562,1568,1711,1951,2642,3027,3037
106,2300,3038
2018,3039
2695,2953
798,1313
1278,2844,3040
2326,3041,3042
708,843,1095,1100,1131,3043
54,74,686,688,689,690,692,851,1981
45,101,296,2142,2781,3044
1463,1744,1940,2775
48,81,1108
245,2605
4,652,666,1365,2121
320,2904
158,1675
2766,3045
1461,2073,2074,2075
51,182,346,349,486,593,1068,1272,1294,1861,1881,2752
91,3046
5,666,819,1135,2298,3047
2475,2482,3048
333,3049
145,156,161,164,350,805,1474,3050
96,773,808,845,2587
740,741
102,296,3044,3051
563,640,1270,1954
50,98,160,177,178,346,541,682,734,1185,1188,1194,1197,1199,1203,1230,1286,1287,1290,1295,1296,1298,1486,2007,2061,2103,2686,2688,2689
1760,3052
483,1683
103,680,681,684,699,705,882,1665,1708,2760
2525,3053
1162,1843,2728
580,2175,2351,2772
110,3008
1622,1637
2018,2234,2235
38,566,592,728,1109,1166,1476,1816,2016,2382
335,378,1403,2242
24,1757
177,684,1203
160,595,596,809,1224,2093,2140,2245,2247,2250
332,948,1011,1065,2028
152,1472,1475,3054,3055
849,1884
284,2321
2406,2407,2408
746,1171,1891,1900,2059,3056
65,480,1218,2110,2112,3057
359,545,846
534,1057
1538,2886,2887
773,1014,2198
38,51,89,211,396,408,480,509,728,1467,1523,1819,2248,2582,2626,2822
362,456,622,872,877,878,2794,3058
531,532,2564
944,1355,3059
1782,1919
3060,3061
552,2378
650,1346
1084,2046
185,629
458,459,1607,3062
100,1050
677,678,1046,1945
177,178,567,627,793,1068,1581,1583,1818,2248,2477
1874,2760
700,976,980,1808,1810,2339,3063,3064
141,142,143,144,581,911,931,1038,1040,1041,1043,1044,1289,1955,1956,1960,1973
97,310,350,352,359,846,1177,1182,1374,1380,1472,1489,1692,2065,2254,3065
287,3066
589,2297
2074,2523,2528
319,3067
303,666,1776,1777,2054,2302,2968
1070,2751
2238,3068
2799,2892,2986
43,213,415,416,621,1119,1294,1437,1441,1442,1444,1446,1447,2226,2837
390,2073,2074,2075
137,1690,2319
725,2217,2398
353,357
1033,1495
1078,1634
823,827
537,1713,2431
253,1394,1940,2653,3069
225,2258,2605,2939
346,349,593,776,797,845,855,858,909,1068,1076,1467,1499,1864,1881,2093,2444,2689,3035
2616,3070
2284,2575
2070,2104,3071
276,482,1308
1234,1449,2642
78,419
14,374
160,164,316,1902,1903,2397,2399
1108,1109,1110,1262,1427,1537,1583,1715,1818,1863
474,475
2815,3072
1068,1821
80,84,379,570,746,862,1250,1251,1802,2218,2240,2982,3073
555,1465,1477,1478,1976,2029,2179
1110,1816
126,127,245,393,624,769,2376,2732,2873,2874,3074,3075,3076,3077,3078,3079,3080
226,798,1191,1230
548,752,1169,3081
1088,2273
219,331
88,147,2507,3011,3082
845,2697
17,2946
327,329,1503
754,3083,3084
327,3085
97,886,2217,2249,3035
1234,2385
1403,1437,1481,1565,1907
1,1508
763,2309,2853
935,3086
1257,1865,2378,2381
617,1515,1894
317,777,782,909,1190,1860,2062,2064
1023,1998
454,889,2188,2243,2244
183,958
115,158,1205,2900
649,2614
894,1007,1624
76,1278
68,70,294,694,704,706,710,774,925,1874,1875
653,666,2298
2539,2540
686,831
1048,1049,1050,1051,1549,1727,3087
461,1513
308,1484
115,164,1296,1297,1538,2342,2397,3088
1686,1692,2306
2478,2898
80,93,94,1476,1641,1747,1919,1968,1976,2220,3089
2171,3090
459,2018,3091
629,630
666,1274,1275,1667,1668
2347,3092
884,1915
554,987,1894
1512,1513
66,88,1863
245,1400,2287,2605,2624
1372,1403,2260,3027,3093
311,1285,1422
223,245,258,263,268,521,739,1071,1116,1736,2471,2490,2493,3094
185,487,1358,1412,1413,1605,1721,2252,2284,2363,2729
121,122,986,3090
1941,2307
1852,1885
269,941,953
480,847,925
988,2894
274,2121,2137
778,1876
1351,2586
245,2370
1549,2127
371,792,2016
20,28
155,163,1183,1195,1217,1290,1292,1295,1472,1473,1474,1583,1680,2004,2007,2276,2341,2907,3095
1624,1736
78,1050,1051
64,349,2445
911,918
2193,2533
319,3096
1701,2216,2908,3097
50,226,1213,1782,3067
405,1324,2360
226,405,625,1407,1663,1703,1854,2071,2149,2150,2240,2416,3006,3098
43,203,332,438,674,675,1799,1801,1947,2255,3099,3100,3101
2597,3102,3103
633,875,879,1242,1369,1514,1792,2115,2557,3104,3105
45,128,130,390,458,1916,1917,1918,3062,3106,3107,3108
1423,2002
1061,1241,1269,2834,3101,3109,3110
1867,2903
100,2128
226,2046,2348
1219,1486,1782
324,796,1433,1434,2154,2576
151,1036,1295,1930,3111
2331,2332,2333,2335
797,2016
1479,3112
90,1073,1723,2383,2931
3038,3113
145,1179,1183,1193,1211,1215,1225,1382,1490,1780,1897,2007,2060,2463,2727,3114
262,498,2085,3115,3116
642,2123,2859,3117
522,715,1276,1598,1603,1605,2729
1731,2522
1845,2386,3118
919,1282
1462,2845
2035,3046
24,3119
149,846,939,1223
921,2566
295,1012,1764,3120
1306,2961
65,2097
70,1874
1601,2319
1109,1289,1860,1965
684,882,2573
44,45
1106,1533,1534,3121
50,162,163,188,310,350,1292,1509,3122
1099,1101,1121,3123
772,2242,3073
1316,3011
660,2689
1239,3124
276,308
879,1797
5,1528
511,2183
22,2003,3125
149,1182
756,759
715,717
97,144,146,163,359,726,939,996,1184,1186,1199,1222,1295,1373,1490,1491,1571,1573,1707,1794,1931,2007,2035,3126
167,200,300,396,403,418,425,432,478
1380,1473,3050
938,2403
1135,1754,3127
739,740
509,556,566,881,2140
652,662,904,1337
200,1248,1437,1447,1450,3014
589,1451
1888,2131
276,475
50,80,81,82,83,93,94,95,345,351,355,356,509,512,544,555,626,627,729,847,1068,1180,1192,1195,1215,1262,1288,1290,1468,1476,1477,1490,1500,1572,1575,1582,1641,1709,1710,1747,1782,1817,1818,1919,1975,1976,2016,2176,2177,2182,2192,2219,2247,2263,2296,2382,2412,2476,2659,2947,2948,2959,2973,3089,3128,3129
68,1141,1142
584,2924
1264,2138,2644
25,111,384,969,1463
1018,2862,2866,3130
677,1046
193,823
2150,2416
507,1555,2790,3027,3093,3131
61,593,936
962,1423
243,2599
482,485
24,246
3132,3133
955,1027,1056,1437,1525
2561,2562
379,1510
90,123,3134
1272,2445
338,950,2480
88,89
235,2202,2510
40,209,210
644,3135
728,1499,2140
1044,1966,2140,2179,2180
2037,3019
3136,3137
652,1556,2972
1032,1624,1728
50,343,479,480,544,596,1197,1296,1376,1487,1572
408,412,1089,1289,2141
2622,2623,3138
1637,3139
2226,3140
1159,2835,2836
373,3023
2235,2743,3141
36,2222
36,37,43,214,334,378,436,1438,1447,1869
939,2772,2788
50,95
18,1551,1789,2790
183,2415
657,1474,1636,1997,2463,2830
2157,2283,2372
68,152,1559
1438,3142
1940,1995
142,1973,2134,2517,2773
487,520,523,933,974,1165,1276,1409,1599,1602,1603,1604,1605,1688,1721,3143
13,21,330,835,836,1627,1683,2439,2454,3144
385,386,388
654,690,2592
1666,2669
1138,2571,3145
9,10,11,2240
226,3146
19,1233,1642,2946,3147,3148
390,1545,1916
441,2515,3090
78,1918
794,2655
1694,3149
857,2596
2985,3150
220,1025,1154,1743,2718,3151
373,944,3023
1111,2037,2154,3019
455,2691
149,163,352,542,543,544,545,546,1188,1195,1197,1221,1489,2060,3122
68,857
1279,1486,2010
3152,3153
227,757,784,796,799,801,802,1220,2148
26,1558
1507,2003
1073,1146,1275
209,430,2304,3015
158,684,2043,2180
78,201,432,2473
77,78,165,167,168,195,196,200,205,266,396,397,398,399,400,401,402,403,404,405,408,410,412,413,415,417,418,420,421,423,425,426,427,428,429,430,431,432,434,435,436,437,438,439,440,442,444,445,446,447,449,451,452,453,1089,2473,2932,3154
532,867,1107
627,689,1478,1816,2263
1034,3155
773,843,1014
15,837,1771
1008,1165,1756,1832,1833,2441,2533,2784,2904,3156,3157
582,2029,2179
223,871,1718,3158
467,3159
2901,3160
583,1046
177,319,775,1106,1177,1432,1882,2148,2539,3088
1069,1671
738,1118
12,277
454,889,1511,1514,2187,2188,2189
454,624,859,860,872,1242,1249,1512,1513,2415
70,71,72
189,192,692,991,2135
940,1322
302,1661,1703
554,1894
620,1013,1404,2002,2549,2552,2716
61,1098,1795,2654,2655
1724,2404
1911,2918
65,594,1039,1176,1186,1198,1204,1209,1218,1492,1707,1735,1963,2418,3161
3162,3163
68,73
1890,3164,3165
78,79,166,169,194,195,197,199,202,203,1092
1136,2639,2945
385,468,845
579,1040,1137,1138,1785,1958,2105,2106,2107,2610,2945,3166
1313,2399,2457,2539
1022,1718
693,3119
1266,2757
973,2023,2764
271,713,1557,3120
67,589
925,1110,1816,1863
3,3167
2600,3168
797,1291,2017,2249
592,905,3085
170,2252
1563,3169
1307,1744
545,1965
1065,3170
1360,1595
831,2089
109,942
378,436,768,770,771,1336,1464,1660,1871,1872,3171
1145,2980
509,556,592,1166
310,359,757,1177,1686
149,310,846,1182,1493
652,1139,1516,1915,3172
133,135,1456,1538,1967
444,1056,2304
1359,1688,2680,2691,2729
45,677,3173,3174,3175
103,1102,1126,2760
378,1403,2242
1224,2457,2727
2784,3176
276,284
1140,1914,1915
5,1116
1023,2258,2269,2440,2529,2583,2937,3004,3177
456,622,880,899
597,600,1512,1513
328,330
3178,3179
121,122
186,464,466,474,583,587,591
580,1946,1974
1531,1809
329,591
2021,3180
21,2525
660,845,2689
321,854,2026,2318
38,51,64,349,382,759,843,844,1271,1835,2444
349,2445
377,611
275,820,1558,2300,2766
357,596,734
1960,1974,2175,2773,3181
441,2423,3182
160,178,181,782,785,897,1185
128,130,197,307,1053,1091,1993,2807,3093,3183
35,408
8,754,1064,3184,3185
522,1107
68,71,255,881,917,1065,1131,1133,2041,2693,3043
280,504
182,1006
169,373,411,1053,1121,1235,1281,2186,2837
1009,2311,2312
2430,2656
2152,2675
1650,1873
95,627,2220
511,1819
385,1084
1137,2105,2106,2107
52,121,189,191,691,692,1011,1347,1405,2040,2379
1629,1630,2556,3186
244,245,1697,2605
52,53,54,190,236,338,2326,2612,3187
14,387
114,1316,2111,2181,2576,3188
1910,3189
836,1503
1253,1367,1510,1711
2005,2154
563,640,680,684,697,882,1270,3190
110,1666
182,318,1560,1903,2539
749,778
762,774,1271,2148,2217,2249,3191
1874,2609
561,710,1132
1138,3192
438,453,2473
1757,2336
459,741,1799,2235
1390,1800
2025,2136
280,373,2003
1923,2872
185,321,487,1277,1413,1601,1605,1721,2284,2729
1507,2919
138,3193
464,585
1619,3194,3195
940,1051
51,68,294,298,480,562,563,631,640,680,681,684,697,698,705,707,710,795,847,857,882,931,932,1040,1110,1270,1715,1794,1855,1875,2436,2505,2534,2786,3192,3196
572,578,1123,2415,2538
478,1993
68,579,619,697,1974,2179
113,741,1154,1256,1550,2547,2560,2998
718,764,1652,1654,1783,3197
2622,2623
235,521,2233,3198
34,3199,3200
44,45,536,643,3174
15,387,1092,2240
2639,2876
361,1912
182,1006
1276,1605
512,566
336,859
1179,1193,1509
13,28
1219,1782
14,16,84,372
145,350,777,1836,3201
918,1133
66,793
39,51,239,514,2693
811,3202
344,1694
90,123
2026,2318
2436,3192,3203
83,103,177,343,351,1036,1183,1197,1203,1288,1290,1575,1781,2686,2829
1187,1489
1759,1760
330,481,923,2432,3204
887,1132
1341,1807,1808,1811
48,543,726,911,994,1219,1230,1377,1489,1952
1422,1749
960,961,2794,3205
277,1031,3206,3207
18,109,1120,1899,2086
1709,3135
1032,2750
255,1142,1281
890,2721
3208,3209,3210
1158,1341,2355
264,2536
466,1212,1457,1560,1677,1679,1780,2340
69,334,1166
449,2028,3211
479,480,847,911,991,1044,1520,1959,1969,1972,1973,3212
666,1072,1361,1556,1669,1865,2080,2081,2094,2329,2330,2515,2547,2548,2551,2552,2554
46,993,1281
1159,1313,2728,3213
1305,1907
523,715,717
490,1801
100,334
1184,1226,1228
81,345,658,660,729,1110,1195,1863,2476
310,775,1373,1374,2008,2010
749,1462
2604,3034,3094
68,1096,1752,1815,2573
1683,2454,3214
245,906
647,2495,2791,2842,3167
2430,2656
41,3142
349,350,358,542,684,784,847,995,1109,1190,1498,2103
74,75,76,2274,3022
918,1132,1133
160,1467,1468
1079,1923,2471,3215
1302,1370,1796,2420
2569,3037,3093
1833,2193
564,714,1599,1606,3216
3199,3200
738,740,741,921,2266
17,262,945,3094
1289,1478,1834,2786
891,1034,1495
126,2376,3217
2137,2954
8,15,495,501,550,920,954,1070,1278,1357,1402,1516,1737,2337
957,982,1260
749,1522,1828,1940,2456
1059,1080
446,700,1063,1341,1807,1808,1809,1810,1813,2339
1194,1197
244,601,621,624,1910,2370
459,1799
505,1033,1895,1896,2238,3068
1905,2242
594,845,909,1068,1271,2444
194,501,986,1593,2622,2623
144,1035,1040,1956
1139,2602,2603
290,2547
1544,1545,1936
906,1497,2758,2956
460,771,1419,1498,1706,1871,2045
24,2336
622,3218
25,110
571,746,1171,1852,1888,1891,2058,2733,3056
1078,1458,1680
2406,2408,2409
781,1009
1341,2151
666,1903,2516
310,543,726,1187,1195,1196,1376,1489,1490,1491,1493,3126
843,1110,1715,1834
988,2234
352,546,796,1206,1208,1213
2137,3219
78,195,198,202,1092,2304
168,885,2303,2750
2711,3220
19,1278,2141
68,299,358,479,480,545,1289,1376,1860,1965
1526,1628
315,317,886,2217,2249,2463,2587,3035
355,1108,1640,1671,2476,3035
80,94,1288,1582,1782,1919,2176,2182,2219
883,1431,1660,1978
37,460,767,771,907,988,1663,1770,1869,1871,1872,1882,2894,3171
383,848,1044
350,1472,1475,1486,1967,3009,3054,3221
412,759,855,1068,2016,2752
481,740,1154
390,1460,2523
51,68,70,882,918,2178,2179,2180
394,1394
61,103,104,143,144,150,161,356,540,542,543,545,593,726,783,902,1039,1176,1184,1186,1187,1193,1195,1196,1198,1204,1218,1219,1221,1222,1224,1295,1299,1376,1377,1487,1489,1490,1491,1492,1493,1707,1794,1953,1954,1972,1973,2009,2144,2727,3126
510,727,847,1500
1207,2064,2102
66,67,556,626,701,881,1166,1238,1747,2183,2625
1850,2452
1310,2021,2697
1286,1298,2884
1241,2832
949,1403,2648,3222
147,151,310,356,774,1177,1227,1931,2881
1562,1591,2138,2139,3223
870,2438
1476,1819
178,908
196,1438,2647,2651
938,1701,1702,2216,2496
184,629
210,873,1483,1867,2428,3224
1379,2403
105,694,706,708,712,993,1095,1101,1143,2573
905,3085
77,165,167,168,200,205,266,398,400,403,404,405,408,410,413,415,418,420,421,425,428,430,432,435,436,438,439,440,442,445,446,447,451,452,453,478,1124
444,736
2799,3225
1141,1875
1137,1785,2105
132,3226
702,1426
42,1435
245,921,1122,2750
481,1062,2143,3227
406,448
63,459
124,1396,1841,2269
1056,3228
2267,3229
635,1743
40,307,366,373,404,426,495,496,507,611,613,733,952,985,1124,1151,1586,1799,2327,2536,3014,3230
295,1539
170,1723,2926,3231
1203,1489
848,1037,3055,3232
14,28
72,294,698,795,857,1096,1103,1716,2534,2595,2725,3233
78,199
554,2168
1444,3234
1991,2242,2338,2692,2964,3235
8,11,12,15,18,21,26,28,43,55,107,109,192,219,224,225,245,253,262,264,267,268,270,276,278,279,283,284,308,328,333,339,366,373,386,393,423,437,481,483,491,496,498,501,502,590,616,646,686,692,739,740,741,742,753,766,836,837,871,910,929,945,950,954,955,1026,1029,1031,1059,1071,1074,1079,1080,1107,1116,1118,1232,1233,1255,1265,1267,1308,1331,1357,1389,1436,1503,1527,1545,1558,1672,1673,1683,1699,1714,1719,1741,1753,1800,1803,1805,1892,1899,1927,1928,2015,2085,2109,2161,2162,2201,2269,2299,2337,2390,2421,2432,2433,2440,2446,2471,2512,2513,2514,2550,2552,2553,2583,2592,2628,2656,2717,2720,2758,2761,2844,2909,2938,2946,2953,2983,2989,3012,3024,3040,3053,3084,3115,3116,3131,3162,3184,3198,3204,3206,3215,3236,3237,3238,3239,3240,3241,3242,3243,3244,3245,3246,3247,3248,3249,3250
598,599,600,1251,1512,1513
593,1271,1467,2016
752,1169
2994,2995
1863,2365
566,627,881
923,1094,3237
1864,2655
253,982,999
355,356,726,1215,1490,1640,2016
1593,2299,2372
460,768,770,989,990,1054,1122,1123,3171
102,1412
132,1485
84,205,334,335,613,1021,1151,1450,2059,2924,3073,3251
182,1921
371,382
310,994,1204,1213
315,325,757,759,760,761,790,791,799,802,803,1076,1272,1345,1378,1421,1434,1881,2093,2445
50,94,96,146,315,316,346,350,552,783,847,908,995,1115,1183,1185,1188,1195,1199,1422,1471,1473,1474,1475,1486,1537,1967,1985,1996,1997,2060,2264,2341,2727,2907,3050,3067,3221,3252
704,710,2856
2789,3164,3165,3253
36,1120
2891,3254
336,360,599,622,878,1479,1912,1913,2076,3255
775,894,1560,1780,3088,3256,3257,3258
815,1334
986,1644
58,507,1264,1567,1568,1801,3025,3027,3037
96,315,552,937,1115,1272,1290,1471,1472,1473,1474,1475,1967,1996,1997,2264,2463,2587,3054
749,1462
488,489,1359,2025
1879,2278
550,2717,3250
689,3255,3259
776,845,855,1068,1113,1271,1864,2444
56,57,395,3260
101,660,2686
1748,1754,1994,1995,3127,3261
998,1000,1574,1777,2353,2965
98,359,541,596,682,845,1076,1194,1197,1286,1287,1295,1298,1468,2007
1339,1445,2228,2229,3262,3263
14,20,368,386,387,1151
2782,3264
365,1503
502,906,2201,2488,3186
148,157,936,1198
220,1406
300,1682
1781,2064
991,1309,1503,2046,2470,2641,3265,3266
173,555,1175,1616,2394,2906,2984,3267,3268,3269
480,1289,1965
1071,1406,2547
220,741
1068,2061
479,1289,1376
222,986
155,157,161
241,413,723,724,1064,1528,1778,2538
774,908,1279,1466
1923,3008
775,806
885,2750
96,1474,1498,2587
457,1018,1021
103,1199,1297,1780,2006,2457
85,86,615,890,891,1030,1155,1258,2269,2721,2761,2912,2936
1914,2135
301,320,1749,1757,1903
1438,1442,2634
1161,2195,2389
1925,3021
3018,3270
1718,1719,1800,2085,2380,2624,3249,3271
226,1624
2029,3142,3230
1828,1940
976,3063
739,742,2547
1076,1881,2445
1350,3139
40,436,1235,3272
652,1162,1328,2972
132,1485,1863,2239
1046,1732
14,20,386,550,1150
311,776,1843
965,2579
19,481
1463,1762,1763,2977
256,675,768,2455
1154,1741
651,778,1135,1777,2302,2956
722,3273
593,803,2245,2246,2247
42,128,130,215,407,447,451,478,625,747,813,942,952,1121,1238,1250,1251,1402,1441,1448,1480,1565,1591,1705,1869,2337,2414,3101
1632,1633
256,405,741,1738,1982,3098
470,2076
1017,1370,1797,1798,2420
218,1627
64,311,3274
346,682,709,1095,1201,1286,1298,2178,2689
308,507,2168
579,1137
21,1503
627,2192
982,2804
134,2249
2080,2144
18,420,665,2604,2790
3255,3275,3276
51,103,294,480,631,680,681,682,696,699,703,705,847,917,992,1110,1455,1708,1715,1794,1855,2534,2573,3277
357,1115,1190,1272,1997
2699,2700
245,906,1587
1071,1482,2493
148,356,806,808,847,1381
6,7,3278
68,704,1874,3159
2025,2991
759,1069,1671,2689
21,308,1025,2874
504,641,1003,1005,3072
104,151,226,324,804,1929
290,740,1256,1406,2426,2628
2123,2777,2778
1254,1526
864,1830
247,560
123,1093,1405,1549,1645,1723,1824,2157,2931
2173,2174,2175,2544,2636
132,1538
1749,1750
338,1066,1627
98,103,104,350,756,894,897,1111,1112,1191,1207,1224,2167
766,1673,2437,2492,2524,2546
738,3279
61,544,1572,2248,2818
2238,2721
488,489
561,1835
123,1049,2383
50,98,160,177,178,346,541,682,734,1076,1095,1185,1188,1190,1194,1197,1199,1203,1286,1287,1290,1295,1296,1298,1379,1468,1486,2007,2061
98,658,757,1295,1471,1498,2192
487,3280
14,256
311,788,1077,1421,1922,2093
346,658,660,1109,1110,1427,1863
1737,2046
2054,3202
350,541,783,1188,1197,1203,1204,1213,1294,1466,1492,1494,1498,2006,2103
209,621,1235,2224
507,951
34,880,1912,2076
70,581,911,1041,1042,1044,1961
939,1571,1634
1,1558
349,2673,3281
375,2675,2784
3210,3282
629,1554
228,1986,3283
1544,2289
374,1084,2046,2240
21,332,742,836
481,753,1023,1892,1998,1999,2000,2440,2979,3284
100,3285
998,1000,1135
276,481,496
2744,3099
386,538,1080,1311,2094,2560,3239
2068,2580,2581,2594,3270,3286,3287
1948,1949
24,1758
64,855
2297,3203
1547,2218
923,2168
493,891
593,660,845
250,2439
124,3288
921,1993,2057
15,767,1258,2512,2513,3080
2696,3289
1001,3010
1900,2733
584,750,752,1304,1694,1695,2213,2359,2666
248,249
68,1944,2739
1352,2743
1356,3290
131,532,973,2589
1346,3291
1367,1372
65,1619,2889,3057,3267
68,70
77,476,478,2145
1676,1679,1681,2388
3292,3293,3294
918,1478
840,2095,2204,2206
508,1701,3295
9,256,2091
14,256
158,2443
112,1657
1528,1530,3061
77,196,398,400,410,418,420,432,436,440,447,2092,2737,3296,3297
48,1520
998,1000
909,1289
2239,2760
542,1489
1759,2187,2474,3298,3299
2241,2368
710,992,2573
255,2726
323,2653
35,403,433,554,695,843,857,1045,1970,2212,2737,2978,3123
396,2050
376,557,748,1307,1412,1744,2904
441,722,1048,1073,1093,1549,1723,2157,2730,2929,3087,3300
1268,1269,1717
40,41,42,43,208,2132,2133
16,18,19,21,52,55,101,107,189,221,262,307,349,366,482,484,686,690,739,767,1023,1026,1046,1162,1258,1319,1347,1389,1495,1503,1800,1841,1898,2085,2232,2761,2805,3049,3301,3302
217,366,397,666,740,1071,1079,1118,2425,2547,2628,2657
2278,3303
686,1064,3026
48,255,918,1185,1520,1959,1971,2042
2214,3010
182,808,990,1087,1265,1345,2093,3304
1159,1316,1318,3305
1188,1197,1199,2254
1809,1811,1812
2152,2280,2282,3306,3307
441,554,1894,2324
1237,1852,1853,1885,1886,1887,2078,2166,3308
919,932,1282
633,634,1019,1020,1370,1511,1792,1909,2187,2447,2448,2467,2482,3309
577,1123
2429,3310,3311
301,3258
1643,1755
54,74,248,339,690,851,2275,2347,2798,3204
365,1503
1394,1939,2456
86,891,3312
454,456,457,466,599,635,1018,1242,1249,1371,1511,1512,1953,2032,2189,2447,2982
90,91,123,852,1146,1723,1728,2730,2931
1969,2615
183,599,600,878,1512,1513
620,2663
1034,1085,1086,1418,1844,2617
254,915
87,1476
1164,1521
65,1037
571,623,861,1251,2967
94,627
1689,1730,2326
253,2291
96,1209
274,2137
759,810,1068
835,1547
217,220,276,308,340,666,738,739,740,742,818,941,1025,1031,1070,1071,1118,1150,1256,1923,2266,2425,2426,2547,2560,3313,3314
1518,2650
923,1059,1080,1267,1564,1802,2491,2648,3315
273,536,943,3316
1654,1783
45,296
105,150,709,2178
2068,3270
2502,2518,2755
51,65,352,847,858,996,1035,1559,1573,1864,3317,3318,3319
132,938,2403
194,241,436,1402,1778
36,211,711
246,247,537,560
257,584,1001,1265,2213
852,1824
255,545,783,1068,1376,1572,2263,2818
680,2038
1506,1528
139,2150,2538
464,474
483,1683
1413,2678
78,410,430,444,2324,3320
2207,2208
51,658,660,772,774,846,1225,1427,1500,1680,1782,1863,2060
120,213,373,1027
1335,2458,3321
251,819
3178,3322
693,2505
44,45,1828
2590,2599
324,797
1798,2862,3323,3324
342,556,1190,1487,2263,2818
315,1997,2587
50,1213
898,1597
13,17,19,21,327,365,836,838,1503,1627,2200,2454,3144
1265,2020
923,1733
369,370,2522
894,2416
1545,2404,2797,3003
874,1407
1840,2244,2903
3227,3325,3326
2678,3327
267,269,270
349,1889,2444
1925,2166
12,277,1896
65,3057
487,522,1595
505,1033,1034,1417,1418,1495,1896,2921,3328
307,507,669,945
330,333,738,1027,1733,1742,1927,2538
192,2515
327,1030,1803
1807,1811
331,690
536,576
336,456,958
591,655
1062,1125,3329
2696,3219
401,426,435,438,442,1124
133,1538,2179,2625
255,843,2726
677,1732
514,843
353,357,359,855
2213,2214,2846,3010
945,951
350,846
119,813,952,2327,2337
178,358,2248
594,1345,1376
3165,3330
740,2916
595,1636,3331
259,666
131,231,689,703,940,1729,2324,2423,3277
167,476,478,834
428,436,883
564,1263,2533
94,96,117,156,315,552,847,908,1115,1183,1185,1195,1456,1471,1472,1473,1474,1475,1486,1537,1967,1996,1997,2264,2341,2587,2907,3050,3054,3067
1247,1770
2783,2904,3332
839,2358
968,1829
741,1154
582,1284,3333
100,2369,3334
375,2675,2784
1684,3335,3336,3337
1136,1138
2451,2452
448,550,991
1626,3338
1132,2199,2772,2788,3100,3339
2523,2529
2114,2495
245,1544
1615,3150,3268
796,1434,1459,2153,2155,2156
1409,1595,1777
2224,3014,3071
178,1716,2010
968,1522
183,336,361,456,457,570,597,599,738,878,958,1018,1021,1429,1512,1513,1714,1797,1909,1910,2189,3205,3340
282,2656,3341
721,2124,2465,2860,3342
2316,2385
70,434,659,710,917,991,992,1126,2203,2280,2282
292,294,857
38,847
247,2431
373,1075
693,725,1373,2557
704,1874
468,1545
847,3343
302,405,768,921,1325,1432,1661,1882
2074,2523
297,1050,1549
2862,3323,3324
1340,1661,1662,1873,2150
1456,2543,2544,3344
509,2822
1258,2288
334,599,859,861,1249,1251,2077
190,338,1007,1049,1265,1405,2480,2515
163,1677,2342
1540,2363
807,1864,2236
333,507,2376
461,462,2207
51,107,159,179,180,182,226,257,337,641,656,750,752,1003,1005,1265,1309,1376,1671,1694,1921,1922,2129,2461,2697,2746,3009,3146,3180,3345
55,2406
1670,2207
672,950,1399,3013,3313,3346
911,918
2331,3347
129,390,679,1917
650,651,652,1134,2083,2954,2955
339,2838,3022
897,1279,1427
940,1361,1405,1865,2080,2094,2329,2330,2515,2980,3348
45,3174
136,1622,2565
563,707,1040,1270,1966,2436,2505,3192,3196
1837,1838
1656,2411
755,1999,2979
189,1255,2510,2913
1068,1419,2752
376,1323,1521
71,72,857
6,7,2848,3349
2172,2806
849,3350
40,41,42,43
294,857
126,245,2605,2685,2879
1277,2147,2853
2371,3351
44,45,2456
865,1040,1136,1138
1898,1899
1471,2220
346,594,909,1068,1272,1889,1997
104,161,347,350,359,590,1177,1290,1364,1434,1456,1509,1692,1716,1875,2005,2007,2010,2254,3191
444,1121,1767,1768
1550,1923
103,116
1693,1694
416,444
84,405,988,1661,2020,2057,2455
212,215
1355,2273
240,3352
1484,3353
2491,2492,3354
223,263,521,2168,3261
627,1068,1581
1031,2258,2269,2583
321,487,488,489,522,523,715,1165,1276,1359,1595,1599,1602,1604,1605,1688,1721,2025,2135,2363,2556,2680,2691,2992
2098,2100
748,1413,1744,3355
1402,1805,3334,3356
589,2672
1456,2179
1552,2806
1853,1886,2960
78,79,166,195,202,203,205,430,432,453,1090,1121,2473
497,2258,2269
322,323,1360,2535,3357
333,3049
24,1757
209,415,445
1062,1268,2920,3110
461,3358,3359
89,1863,2839,2951
394,1393
328,690,837
895,1177,1200,1225,1295,1296,1297
2331,3360
193,275,551,552,1724,1728,2300,2766,3029,3113,3243
781,933,1008,1413,1415,1521,1832,2784,3156,3157,3361
595,798,803,1014,2198
40,42,2133
221,1010,1116,1319,2232,3243
81,98,345,346,352,355,729,1068,1180,1195,1377,1468,1582,1640,1671,2412,2476,2802
161,726,1222,1377,1490,1491,1492,1493,1635,2829,3331
2202,2491,3034
609,823,830,1303,1496,1659,2146,2570,2852,2987,3362,3363,3364
325,800,803,845,1379,1638,2064,2093,2405,2445
702,708,709
599,1242,1249,2924,3224
487,1939,1940,2456,3365
48,1102,1453
478,1091
511,1816,1819,1820
68,70,1376
442,476,1091,1993
1048,1050,1051,1549,3366
1323,1833
606,1643,1644,2233,3367
626,843,1471,1581,1816,1834,2179
230,1277,1691,3368,3369
847,2203
526,2328
317,776
937,1272,1997,2264,3122
295,1107,1333,3370
153,1187
982,3133,3175
1617,1620,1957
19,329,616,929,2262,2674,3131,3137,3371
103,104,680,709,1286,1295,1794,1952,2884
1322,2271,2622,2623,2755
1555,1580
822,1048,2283,2421,2926
239,1836
310,774,783,801,1932,2153,2155,2156,2576
87,508,881,1834
901,938,2772
1341,2207
146,350,783,907
107,180
774,2839,2951,3226
1585,1657
245,341,500,1552
2294,3002
324,762,1279
2758,3021
239,2839,2951,3226
496,1341
652,1337,1365,2748
2249,2500
74,76,2890
1390,1800
267,2434,2435
139,564,574,2298
74,262,278,279,498,501,1674,3204
3,1508,2424,3372
574,819
3200,3373
1106,1412,3350
2669,3036,3374
1476,1478
651,666
470,1021
251,252,253
1508,3372,3375,3376
1333,2600
187,1225,1523,1897
1435,2132,2222
408,1326
631,3192
300,2453
209,621,2965,3298
682,1880
1105,2316
5,274,2083,2956,3202
592,1499,2140
758,793,1638
970,1551,1552,2015,2764
113,220,330,1070
1169,1694
268,955
1201,1572,2463
401,408,426,445
630,1915,2871,3118,3377
64,289,345,846,847,1183
282,3341
318,1157,2930,3317
1892,2703
1159,1283,2019,2835,2836,3378
708,1131
44,45
318,1930,2307
253,1939
1390,1865
373,507,3379
260,3131
368,386,387
26,1558
376,1307,1414
2433,2757
1332,3230
2175,2773
555,728
1506,1664
129,491,954,991,2608,3380
121,664,691,940,1405,1643,1644,2515,2717,3381
3320,3382
1555,2642,3037,3383
1321,3384
222,738,740
1836,2249
149,3122
145,806,2443
24,1757
2583,3230,3385
245,280,503,661,1697,2258,2605
68,3386
262,278,279,1674,3204
1056,2385
879,1244,1369,1370,1371,1796,1798,1909,2771
218,742,1480,1743,2069,2070,2718
796,1110,2101,2606
444,450
366,1011
1050,1051
772,773,777,1225
78,169,196,201
3350,3387
96,97,315,316,412,545,937,1115,2065,2217,2249,2463,2587,3035,3388
68,294,427,698,857,1045,1096,1099,1103,1455,1970,2508,2509,3389,3390
297,1557,2926
2140,2625
274,2137
271,1595
476,834
460,770,989,1054,1122,1139,1882,3171,3391
1129,3392
512,919,1126
229,2128,2465,3393,3394,3395
1125,1830,1974,2173,2174,2412,2545
226,751,1326
1306,3396
1032,1508,2424
2539,3397
2767,2768
554,3398
811,1200
629,630
328,332,690
14,20,368,385,386,387
517,591,2274
340,666,739,1118,1927,2547
1192,1195,1500
245,258,259,260,261,262,264,270,871,2201,2459,2529,2757,3125,3158,3380
1167,2112
666,2956
219,1741
480,562,680,681,684,710,1498,1708,1794,1874,2786
454,889,1511,1514,2187,2188,2189,2243,2244,2447
93,1108,1816,2016
748,1744
591,1173,2095,2275,3399
1047,1060,1723,1727
454,1512,2189
1603,3400,3401
14,84
50,146,162,354,783,995,1183,1290,1292,1380,1473,2065,3050,3054
135,480,887,1269,2199
3382,3402
911,993,1040,1041,1143,1289,1715,1956,1966,2786
3403,3404
1105,2896
320,322,2904
258,2633
1333,1601,3370
297,564,1557
227,797,1379,2004
918,2029
861,2458
220,741
64,227,325,337,349,485,556,759,760,786,791,799,803,855,858,967,1076,1078,1265,1271,1272,1345,1421,1434,1467,1638,1671,1835,1864,2093,2148,2444,2689,2817
152,1573,2181
3405,3406
1032,1897,2802
25,111,968
2256,3407
847,911,912,2468
674,675,2483
378,2058,2059
2594,3287
108,1921
774,1152
89,1032
946,1400,2286,2759,3408
150,161,1377
1033,1896
24,1758
1749,1905,3409
38,728
90,1645
1353,2586
777,2344
65,133,142,371,580,847,886,1113,1114,1115,1205,1485,1537,1582,1675,2181,2217,2249,2296,2500,2576,2635,2948,3035,3150,3188,3410,3411
15,17,18,55,220,225,259,276,329,333,366,385,483,496,550,666,739,740,838,955,1026,1080,1162,1233,1362,1363,1389,1683,1700,1718,1899,2233,2433,2487,2513,2515,2560,2633,2703,2717,2720,2723,2724,2751,2909,2940,3115,3158,3198,3250,3271,3301,3412,3413,3414,3415
45,1939
582,1757
2422,3416
245,2164
932,1282
979,1807,1811
1461,2073,2074
1023,1998
338,1788,2678
590,1709,3417
1139,2415,2421
1104,2197
295,1333
1796,1890
1004,1006
1399,2073
113,440,478,770,814,819,1484,1657,2066,2104,2223,2224,2266,3014,3071,3288
923,3418,3419
361,570,1429,1962,3340
143,518,2851
660,2686
1702,2216
2015,2480,2592,2864,3420
106,1324,2372
1107,2495
221,1623
2213,2214,3010,3421
728,2062
239,2249
226,1002
407,1799,2682
1,2113
2827,3142,3422
596,758,761,782,784,786,788,1488,2655
1694,2033
1,1307
740,2916
685,991
1049,3182
63,1709,1962,3039,3091,3340,3423,3424
579,927,1785,2105,2106,2107
151,163,226,594,1176,1204,1214,1228,1930,1953
99,1345
159,348,356,847,916,1373,1692,3065
17,20
770,3288
535,1612,1871,1947,3425
405,769
1587,2164,2258,2273,2285,2605,2624,3426,3427
344,3428
1343,1399,2434
21,1503,2454
966,2803,2804,2993
88,178,239,1636,2839
373,507,944,2472
2157,2158
1519,1907,2322,3071,3429
234,235,2515
14,27,368,385,387,1151,2002
82,83,93,345,355,356,1210,1215,1478,1490,1640,1747,1782,1817,2016,2220,2476
1333,1334,1359,1630,3186
943,3430
69,2178
495,496,1771
181,556,2445
780,2667
1136,3431
1499,1501,2140
1339,1340,1342
212,424
90,649,722,914,2465,2502,2614,3393
1261,3432
570,623,859,1483,2415,2602
38,49,371,509,566,689,728,760,925,1109,1191,1262,1476,1739,1816,1819,1834,1835,2016,2203,2248,2626,2822
740,1658
527,3433
887,1132,2199
823,829
573,2298
1027,1525
1116,3275
24,1758
2104,3071
1173,3399
253,645,1394,1940,2456
87,2042
1323,1890,2789,3434
1321,3435
220,481,739,740
1933,1937
60,103,1221,1373,1636,1716
247,2320
154,343,358,544,782,1108,1182,1190,1572
548,1001
707,865,1958,2107,2610
1703,1852,1853,1854,1885,1886,1887
3178,3436
19,2910,3240,3437
1523,1897
1321,2865
2887,3438
1538,1701,2216,3295
1033,1034
570,859
91,1682,2047,3046,3273,3439
122,823,1093,2251,2367
68,70,72,3145,3333,3386
65,1680
1484,1562
51,103,480,681,710,917,926,992,1126,1740,2041,2863
1483,2151
276,385,741
943,1728
136,523,715,717,1276,1599,1600,1601,1602,1603,1605,1688,2026,2319,2729
3405,3406
111,1828,2977
14,368,387
728,1967
636,1689,2326,3440
186,676,1731,2022
27,385,386,388,1150,1151
74,1033,1034,1495
1477,2176,2984
373,3275
99,116
4,459,461,1706,3359
379,2186
1673,3441
285,287,2604,3211
349,761,774,796,807,808,1433,1434,1636,1932,2153,2576,2830
220,741
327,2145,3442
149,155,177,684,1185,1205,1326,1490,2035,2296,2412,2468,2505,2760,3065
7,314,2706,2767,2768,2847,2848,3278,3443
500,1544,2649,3444
462,533,767,991,1529,2266
45,1046
335,496,1250,2337,3428
548,1694
570,598,599,601,625,859,861,872,873,876,878,880,922,1242,1249,1430,1483,1742,1867,1869,1924,2031,2032,2076,2414,2428,2590,3224,3272
50,81,149,160,161,162,177,343,347,348,350,351,352,354,541,544,555,594,682,784,797,846,847,1109,1185,1190,1192,1200,1201,1210,1217,1273,1286,1288,1290,1299,1377,1380,1471,1472,1473,1487,1498,1500,1572,1581,1582,1584,1640,1782,1818,1964,1967,2004,2006,2062,2063,2102,2250,2263,2344,2818,3065,3201
226,288,289,3067
1276,1598,1602,1606,2729,3216
2087,2787
483,2724,2751,2844,2937,3445
418,644,2304,2737
1645,2730
1396,1436,2269,2989
982,2804
119,1058,1564,1951
50,727,1500,2220,2947
51,725,733
91,92
589,3446
95,512,566,627
226,405,1245,1661,1799,2058
2126,2157
1978,2041
78,79,166,169,195,197,199,201,203,453,1089,3296
316,777,1076,1112,1326,1426,1432,1901,1903,1904,1906,1964,2062,2247
1129,2798
154,1376
145,757,791,1182,1207,1213,1490
536,1728,3316
36,211,213,214,292,563,681,684,1236,1437,1440,1442,1447,2038,2524,2683,2834
810,2093,2247
2806,3034
910,2066
120,2652
2678,3327
98,160,486,541,682,1181,1188,1194,1197,1199,1286,1295,1297,2007,2686,2689
288,1208,1218,1561,1619
730,1049,1050
329,483,1683
594,2061
1,2,110,558,1558,2464,2495
733,903,1550,1591,1630,2075,2266,2663
121,338,821,1265,2479,2480
480,1581,1818,2042
2376,2759
2941,2943,3447
1933,1937
100,2091,2982
1178,1199,1382
292,294
82,1476,1478,1524,1976,2219
245,1697,2605
600,3448
940,986,1644,2423,2717,2754,2932
315,1190,1376
36,40,41,42,43,58,77,200,208,211,213,453,711,926,1097,1121,1435,1437,1441,1443,1447,1586,2132,2133,2224,2225,2226,2725,3321
98,2062,2192,3449
714,716,721,1323
1610,3130
960,3224
1144,1312,2790,2957
1049,1144,1321
191,3376
686,831,2581,3241
471,1261,3450,3451
269,604
5,1914
557,1992,2079,2782
85,1460,1461
573,574,998,1000,2353
1306,2744
681,710,992
811,2519
894,1900,1901,2300,2399
1376,1636
219,268,492,666,836,1343,1389,1899,2592,3084,3207,3271
522,2011
861,1437
693,3119
185,488,489,520,523,830,1276,1360,1603,1605,1688,2363,2852
570,1250,1251
1073,1146
1766,1767
226,894,895
891,2433,3452
304,999,1409
196,404,1091,2066,2223,3453
349,855,2444
99,317,1836
1210,1288,1575,2984
183,2581
68,99,255,292,293,294,433,514,695,708,843,845,856,857,917,930,1095,1096,1098,1141,1300,1344,1454,1455,1814,1970,2040,2212,2508,2596,3043,3123,3389,3390,3454,3455,3456
686,831
3004,3240
80,93,1641,1816,1817,1919,2140,2219,2220,2382,2412
261,940,2648,2730
1834,2140,2297,3457,3458
750,1694
322,323,1360,2535
1841,2487
1073,1682
72,408,427,693,857,1095,1096,1099,1101,1103,2508,3455,3459
1520,2041,2179
3460,3461
2366,2650,3462
254,580,2175
229,2125,2127,2974,2987
226,567,803,810,1819,2247
1963,2418
105,292,294,694,698,702,706,708,917,1300,1455,1465,1815,1877,1977,1978,2043,2212,2572,3123
1058,2664
118,261
1762,1763
823,2766,3364
441,917,1894,2423,3182
620,2552,3463
955,2920
408,429
378,2058
336,456,876,958,1650,1912,1913,2076,3425
1172,1933,1934,1935,1936,1937
18,371,378,397,405,436,462,478,767,1308
235,1723,2202,2745
451,952,1441,1448
243,245,624
387,1084
2399,3464
1743,2982
311,595,793,800,807,855,1077,1378,1454,1467,1843,1864,1922,2236,2655,3035
1169,3465
569,572
1597,2300
748,2904
170,271,297,564,565,714,716,718,719,720,721,1073,1304,1404,1540,2283,2363,2482,2926,2927,3120
1097,1657,1658,1858
3200,3373
383,3466
98,178,349,543,545,756,760,783,786,788,812,843,1498,2062
454,2187
23,249,1034,1086,1844,2617
1542,2080,2372,2731
1041,1956,2773
344,3149
480,992,2042
308,333,507,941
1825,3467
2359,3468
2385,3230
780,1164
186,2677
223,1070,1890,1892,2648,2740
1525,2647
556,761
798,3469
1880,1997,2606
591,3070
405,768,1703,2024,2336
374,2240,2376
1260,2561
1269,3396
589,2714,3470,3471,3472
3189,3473
302,2018
3474,3475
113,481,738,740,1071,1527,1741,1927,2608
2301,2782
450,604,769,955,1027,1056,3320,3382,3476
723,724,1527,1778,2605
121,2511
317,1295,1296,1501,2217
1257,3477
1953,2399
24,537
1807,1808,1812
1689,2326
1777,2494
2325,3361
113,118,176,240,264,307,333,366,432,497,501,507,642,665,669,870,921,948,949,953,954,955,1061,1091,1266,1397,1398,1402,1403,1469,1544,1592,1801,1804,1805,1949,1951,1993,2109,2138,2164,2285,2376,2422,2489,2685,2756,2778,2934,3013,3037,3080,3093,3236,3313,3426,3478
753,1999,2166
1072,1682
809,2093
783,1344,1716,2198
1555,2642,3025,3037
86,755,1998,2703
359,996
209,416,430,444,450,1056,1158,2226,2304,3015,3382
2285,2912,3437
39,64,485
3069,3479
596,788,792,800,807,843,1099,1344,1454,1466,2655,3390
319,1560,1780,3257,3258
2166,3446,3480
95,2192
90,2158
650,652,2083,2955
1028,1332,2164,3242,3426,3481
185,630
876,958,1429,1912
2371,3482
999,1416,2670
10,28,126,223,224,284,308,333,368,386,387,499,501,550,738,739,740,753,836,954,955,1059,1079,1162,1255,1267,1406,1424,1527,1673,1683,1714,1741,1892,1925,1927,2085,2223,2337,2471,2761,2909,3021,3115,3163,3184,3206,3215,3242,3245,3249,3338
1966,2126,2179
294,857
1724,3243
3063,3483
1208,2341
1018,1021
1370,2866
128,130,987,1778,1779
241,242,1915
2175,2517,2772,2773
436,644,884
1040,1044,1955
956,2386
1068,1572
1225,2177
382,2179
1200,1716
2005,2412
693,1300
40,210
2116,2550,2553
154,226,712,895,1426
68,70,72,1069,1874,2978
1011,2641
88,1875
3484,3485
521,1254,1552,2565,3486
772,1313,1875,3487,3488
242,738,765
1978,2041
1737,2046
330,481
1339,2228,2229
1068,1921,2686,2689
218,863,1657,1658,2917
378,1775
245,1587
1632,2579,2835,2942
51,480,510,592,658,660,1132,1133,1498,1499,1501,1835,2140,2885
1541,1660
335,747
324,1279
1976,2947
1460,2719
1341,2207,3489,3490
858,1433
51,508,509,1835,2141,2822
1407,3334
221,849,1746
3132,3133
561,1133
1654,3491,3492
103,150,543,1197,1204,1213,1224,1293,1298,1377,1490,1492,1794
998,1000
135,887,2364,3100
191,245,3376
349,358,632,759,776,855,967,1200,1271,1326,1465,1467,1499,1836,1889,1922,2093,2184,2217,2245,2265,3035
1366,2890
1617,2654
209,245,462,767,1121,1407,1411,1483,1585,1589,1591,1799,2590,2750,3493
851,2916
976,978,980,1807,1811
777,2101
68,294
1723,1727,1824,2125,2126,2127,2128,2157,2158,2931
146,164,895,907,1188,1231,1296,1297,1538,1687,2004,2397,2399
1091,2066
474,617,3392,3494
1004,1870
1538,1701,1702,2216,3097
83,556,803,1087,1211,2445
738,741,1154
2867,3003
658,660,1068
1044,1570,2029,2141
642,1266,3495
347,542,1374,1471
510,592,1110,1583
781,3496
88,1032
295,2441
511,1819
813,1239,1871,2207
334,436,625,952
628,1018,1370,2862,2866,3130
456,622,635,1251,1909
416,419,425
1512,1513
560,1757,2336
98,343,544,1818,2477
178,512,2183
83,148,160,163,164,178,348,350,351,359,541,546,726,801,1036,1175,1176,1178,1181,1182,1184,1185,1186,1188,1189,1190,1193,1194,1195,1197,1198,1199,1201,1202,1206,1208,1213,1214,1219,1222,1223,1224,1225,1377,1491,1692,2306,2476,3114
998,1000
64,68,1133,1814
706,918,2726,2856
986,1551,3497
926,1465,1978
1074,1651
3498,3499
657,1863
818,3500,3501
748,1276,1599
43,77,209,211,213,266,402,416,417,436,1057,1245,1443,1607,1765,2681,3402
717,999,1521,2869
665,1305
918,992,1465
741,2131,3423
1034,1732,1844
183,578,1483
40,834
1456,2544
507,1397
1323,1540
1332,2288,3242,3437
253,778,2707
203,438
256,371,845,894,1142,1781,1903,2024,2131
1857,3502
235,1066,1080,2003,2491,3034,3503
1962,3504
3505,3506
292,3123
656,1432,2004,2057,2826,2884,2888
722,1725
507,1519,1907,2777,2778
1140,3140
383,485,848
13,327,328,330,484,835,1741,2001,2592
109,1032,1365,1664,1891,2750,3219
29,1751,3507
290,1079,2608,2762,3021,3215,3341,3508
484,485
2523,3076
64,485
16,84,256,2002
65,80,173,555,1167,1205,1478,2296,2906,2984,3129,3317,3509
644,883,884,1120
80,93,177,345,512,555,566,1476,1477,1582,1641,1747,1782,1919,1976,2176,2182,2219,2296,2659,2973,3129
488,489,1359
287,834,3135
1025,3117
49,759,1420
511,2140
301,303,462,2538
390,676,1945,2704,3227
159,227
562,1520,1830,2571
593,594,658,660,909,1068,1671,1880
174,2943,3049
857,2596
679,1554
1261,2668
1113,1271,1965
729,847,1110,1476,1477,1820,1835,1976,2382,2659,2947
866,1238,1712,3502,3510,3511,3512
265,268,1343,2434
264,372,491,1321,1789,2423,2515
3411,3513,3514
226,245,405,1328,1906
1528,1530
74,1085,1844
22,383
430,533
630,2114,3372
579,2106,3515
45,3173
327,3085
1356,3516
677,678,1732
1470,3230
809,1929,2093
28,1873,2017
1567,2531
187,221,2116
334,747
2122,2567
1563,1564,1568,1801,1908,3027,3259,3517
507,3230
246,1713,2431,3152
1669,2345
134,1262,1476,1537,1816,1820,2016
3323,3324
1423,2774,3309
116,132,1419
405,1661
379,380,1236,1239,1445,1611,1706,2029,3359,3518
102,525,1165,1602
245,373
14,385
219,328,690
544,556,1190,1200
349,1889
149,150,343,543,726,994,1193,1195,1196,1298,1376,1377,1487,1488,1489,1490,1492,1493,1952
206,1519,3519
2066,3520
999,2870,3521
981,1811
467,1451,3392,3522
923,1865
24,537
65,68,152,172,349,640,658,772,845,1036,1178,1189,1192,1199,1203,1225,1226,1295,1500,1561,1735,1781,1955,1959,1967,1973,2060,2170,2177,2181,2297,2412,2476,2658,2659,2660,2949,3057,3258,3318,3523,3524
1129,2798
226,773
664,940
1195,1687,2276,2277,2907,3050
1044,1479
923,2488
24,246,1758
2392,2394
68,255,993,2726
2784,3525
440,1235,1658,2226,3402
890,2721
882,1041
1063,1341
1573,1634
1027,2269
2171,3526
721,1323,1324,1540
50,1213
836,1070
739,1256,1425,2168,3084,3261
1523,1780
831,2002,2549
1324,2372,2782
240,1526
496,1741
384,575,969
373,2104
1911,2221,2550,2553
406,1119,1858
182,1310
596,803,809,2246
322,323,832,1360
368,641,1084
2550,2553
1992,3527
226,405,1915
1085,1933,1937
51,1467,1499,1835,2140,2444
560,1713,2426,2431
589,2798,2921,3392,3432
14,20,28,385,2002,2427
178,701
679,946,2384,3288
650,1134,1135,3528
2678,3327
581,1041,1044,1956
227,1902
180,3529
2300,2419
686,831
105,255,2016,2726
1827,3530
560,1757,1758,2336,2825,3531
2073,3532
209,2303
520,1688
44,45,296,2142
708,1143
182,1309
740,1527
373,1363
1260,1301
321,1828
2057,3056
84,2002,2090,2242,2549
1697,2287,2605
195,2473
36,644
991,1123,1139,2415,2843,3448
918,1875
561,708
90,1824
239,317,659,1068,1821,1836,1880,2478
1385,3434
1408,1602
2529,2935
61,346,347,358,541,542,847,1109,1185,1201,1299,1419,1498,1500,1860,2102,2250
50,342,343,346,351,1200,1487,1581,2818
890,1841
38,1476,2412,2734,3188,3194,3510,3533,3534
1301,2005
145,160
1702,3097
220,739,959
1579,2543
352,1187
186,466,1649,2022,3392,3432,3535
859,860,880,1250,1251,1912
33,256,460,768,988,989,1871,2894,3536
78,79,166,169,195,199
89,98,164,188,347,353,543,556,727,759,1177,1201,1220,1292,1471,1472,1474,1749,1750,1901,2007,2010,2101,2102,2249,2400,2760,3191,3274
297,2542
938,1420
320,2904
34,68,213,334,1236,1237,1238,1239,1240,1342,1440,1444,1445,1448,1706,1878,2029,2207,2419,3263,3303
1572,2065
6,7,3349
525,1312
3537,3538
1008,1009
733,1907,2472
51,708,887,967,1814,2199,2364
921,2164,2757,3249,3478
349,796,1433,2830
1440,2304,2966
68,3295
1642,1844,1979,2433,2617,2877,2878
1072,1642
2105,2106
772,1835
13,327,329,330,332,484,835,1278,2454,2592
964,1148,3539
1120,2997
544,2673
906,1587
448,2057,2222,2541
294,736,857
676,679
321,1603,1606,2996
2166,2607
67,1044,1573,3318
957,1260,2561,2562
493,2528
670,672
1104,2056,2424
14,20,27,84,385,386,1150
3116,3242
1072,1945
583,590
183,373,1592,2422,2566,3416
65,82,83,93,345,347,355,480,512,555,589,593,729,846,847,1035,1068,1183,1216,1468,1476,1498,1500,1572,1640,1710,1735,1816,1817,1969,2016,2102,2140,2176,2177,2179,2476,2615,2948,2959,3318,3457,3458,3540
68,433,857,1752,1814,1815
1096,2169
100,2678
446,700,978,979,980,1807,1809,1810,1811,2339
2729,3216,3492
82,103,145,151,1215,1490,1572,1964,3114
1236,3541
24,247,1757
49,1285
726,1229,1288,1459,1836,2249
661,1714,2624
99,226,1433
139,2257,2352,2353,2361,2869,3491
462,2552
122,234,852,940,945,1321,2502,2515,2969
111,1829,2464,2977
1459,1686,2576
1032,1515,3542
1084,1888,1915,2057,2059,3056,3279
104,226,324
303,3543,3544
593,1499
2096,3195
183,2069
29,1283,1323,3507
1643,2622,2623
3165,3253,3330
1406,2560,2657,3311
379,3545
1032,1694,2033
16,52,53,54,55,189,190,1066,1329,1516,1890,2095,2357,2433,2761,3236
2480,3031
621,1528
44,1463
1305,1767
1989,1990,2188,2244,3130,3546
1404,1540
2855,3229
2215,2273,2356
1494,1860
26,558
576,1776,2054,2121,3460
1106,2267,2284,2575
103,705,709,992,1336
487,523,1598,1602,1603,1606,2025,2026,3143,3216
437,1827,3296
134,135
16,521,836,3486
176,1925
25,26,111,1558,3113
779,3547
1545,3022
318,1157,1646,3188
2052,2675,3086,3548
200,404,426,1235,1326,2253,3030
68,70,72,73
708,1739,2693
3248,3549
182,726,1168,1183,1377,2829,3550,3551
1684,2333,3335,3336
1807,2339,3063,3552
226,811,1177,2009,2881
688,1604
2853,2957
390,1917
85,2769,2997,3553
267,269,270,386,950,3346,3554
21,481,842,1329,2449,2528,3245
720,721,2128,2867,3300,3555
1312,1865,2980
1740,1794
1744,2977
458,676
43,194,673,883
220,2874
3355,3556
234,1282
1755,1939,2865
891,1155,2433,3125
666,2972
17,261,277,1425
2712,3246
998,1000
933,1603,3400,3401
1531,2227,2466
620,1310
1236,1478,1524
454,2835
189,3351
968,2784
912,2468
1073,1682
3139,3175
2661,3557
1539,1558,2601
776,1843
191,826,3558
648,1847,1848,2667
1703,1869,1870,2071,2538,3559
17,84,373
1029,3560
541,1197,1202,1225,1297,1472
345,1167
102,296
68,70,2660
1469,1799,3110
292,294,857
281,493,2321,2719
920,2266
2053,2642
220,742,959,1071,1627,1743,1766,2070,2547
91,3046,3273
480,545,918,1376
1923,2707,3291
2529,3366,3561
199,436,1056,2483
1907,2472,3517
2054,2211
1319,1842,2413,3019
169,1063
2215,2273,2776
1154,2547
1596,1597
396,1712
550,1025,1070,1627,2874
665,2472
1847,2785
253,384,1463
68,96
136,137
1116,2232
622,879,2924,3205
1070,1503
1040,3431
90,3562
26,1385
101,317,593,660,845,1921,2686,2688,2689
154,895
115,772,2900
302,2531
420,2453
228,823,827,2987
3563,3564
1592,1714
1259,1559,1617,1620,1677,2013,2507,2906,3565
3178,3195
964,2475,2557,3566,3567
84,1151
13,17,19,21,327,329,330,331,332,481,484,838,1278,1503,1627,1927,2439,2454,2592,2946,3144,3148
738,3568
804,1344,1716,1795,2034
51,87,239,632,967,1125,1126,1131,1133,1739,1957,2041,2199,2348,2364,2543,3277
786,1985
1036,1953,2829
482,2454,2514
226,761,796,802,936,1207,1213,1220,1434
307,449,670,672,765,948,955,1399,1805
2406,2741
363,364,2935
1988,2332,2333,2334,2943
245,1587,1697,1714,2605
209,266,420,534
344,2942,3309
1,26,1558,3372
1305,1768
187,2116
2019,2864
1774,1775
189,619
36,1241,2048,3518,3569
1576,1589,2048,2049
86,1155,2439
50,98,160,541,543,897,1076,1188,1192,1194,1197,1199,1203,1204,1286,1287,1295,1296,1298,1486,2007
2157,2926,2929
985,2385
914,1451
363,364
2415,2422
595,776
68,508,3386
76,591,1417
1563,1564,2053
1040,1138,2715,3431
1712,1879
608,609,2147,2252,3363
535,1442
1653,3570
268,283,364,1698,2489,2529,3083,3242,3477,3571
555,2906,2984
303,2235
129,629
45,101,110,2142
1583,2296,2500,2576
496,1741,1771
122,228,649,823,824,1093,1796,2251,2367,2383,3362
2336,3572
51,68,187,480,698,917,926,1102,1455,1795,1978,2041,2116,2505,2534,2856
946,2469,3573
1033,3574
334,2029
1087,2445
556,1182,2248
3177,3575
206,948,1519
147,163,226,310,353,358,846,1227,1229,1230
2055,2835,2982
21,28,84,220,245,276,307,332,368,385,387,397,550,740,741,742,1055,1070,1071,1118,1154,1406,1753,1899,2431,2453,2546,2560,2628,3311
1747,1816,1819,1820
584,1693,1694,3081
1036,1176,1184,1186,1187,1198,1208,1214,1223,1290,1380,1675,3126
2856,3226
1337,2707,3433
944,1519,3023
40,58,77,169,194,196,199,200,205,404,418,432,445,452,453,613,1055,1121,1531,1586,1799,1993,2050,2186,2227,2466
18,77,418
333,507,2376
822,3086
1525,1801,2633
263,500,1059,1311,1673,1779,2084,3053
217,1118,1754,2330
972,1412,1604,1745
25,111
242,670,672
841,1064,1417,1844,1895,1896,1933,1937,2524
421,1124,2234
823,2675,2677,3576
390,1461,2073,3532
54,190,590,689,1046,1545,2275,2499
345,1237,1852,1885,1887,2959,2960,3308,3577
145,897,1225,1457,1675,1780,2060,3114,3281
658,660,682,1203,1225,1500,1561,1646,1671,1694,1967,2060,2177,2476,3318
344,1513,3428
2,303
24,246,537,1758,2426,2431
1142,2443
1035,1044,1166,1479,2140
105,709,993
1182,2010
1507,1714,1779,2605
775,2010,2148
220,1542
688,2215
218,220
251,717
326,1465
2685,3013
375,1165,3355
220,333,1733
757,1213,2254
1160,1469,1544,1565,1697,2138,2163
1849,3555
39,69,205
2616,3578
1129,1731,2997
937,2103,2412
1306,2744,3396
81,96,97,177,348,355,627,659,793,1068,1110,1113,1471,1500,1537,1583,1584,1818,1821,2249,2463,2476,2477
488,489,1276,1360,1688,2363,2680
1836,2249
36,43,208,209,211,213,416,813,1238,1248,1336,1437,1438,1439,1440,1442,1443,1444,1445,1446,1447,1448,1450
2434,2435
894,1903,2539
115,158
330,740,1071,1627,1927
817,818,819
794,848,3306
512,566
1615,1621,1796,2393,2394,2905,3509
44,45,2977
206,392,1064,1088,1252,1469,1519,1544,1563,1564,1565,1917,2163,2165,2489,2642,2648,3259,3505
1777,2302,2707
118,491
649,722,3273
405,1661
3343,3579
1702,3097
1456,1830,2543,2545
113,220,738,740,1527,1627,1741,1927
1163,1832,2784,3156,3157
637,2883
31,32
77,212,215,424,429,1121,1531,1586,3016
82,93,149,345,1205
2525,2528,3074
531,608,849,3289,3580
573,574,717,998,1337,1416,2257,2353,2361,2670,2840
1104,1105,3376
791,1201,1434,1572
334,689,1250,1251
48,2042
1909,2187,2189,2420
2316,3255
795,1103,1795,2760,2831,3389
68,72,3390
1012,2299,2567,2623,3138
1049,1311,2446,2552,2648
311,936,1077,1864,2236
1844,2617
175,1547,2803,3581
1013,1333,1774,1775,2600,2710
65,173,226,1376,1561,1614,1615,3582
24,1506,3119,3186
369,370,2617
1947,2255,3583
973,1424,2437
274,275,1601,2137
113,2547
1689,2326
2820,2849
126,127,624,2732,2759,2873,2875,3075,3078,3079
324,325,2888
181,1295,2101
938,1181,1836,2403,3523
182,317,324,325,595,596,777,786,788,790,792,800,803,807,808,810,843,1153,1231,1272,1279,1294,1433,1434,1459,1836,1864,2008,2016,2093,2405,2451,2673,2698
154,895,897,907,1279,1296
182,1309,1310,2129
108,641,1004
77,209,266,416,436,1057
53,54,190,338,686,690,1059,1495,2717,2798,3003,3237
232,589,823,2383,2677,3149,3300
182,256,844,1309,1694,2045,2129,3180
693,857,1300
1353,1484
1040,1956,2571,3166
840,953
1304,3584
1155,2287,2936
763,1303,1654,2867
94,95,555,627,1288
1341,1712,2145,2278
1519,1907,2472,2777,3385,3517,3585
5,819,1754,3528
220,2426
600,601,1249,1512,1513,2428
117,1219,2906
21,219,327,331,366,1898,2258
234,1265
167,445,447
722,2502,2614
1749,1750,2008,2010
91,1726
8,10,11,2046
1063,1341,1712,2453
37,84,378,460,768,771,988,1421,1422,1464,1660,1868,1871,1872
1172,1173,3586
419,1007,3587
1073,1682
474,678,1732
196,1091,2066
2407,2536,3346,3484
487,523,525,1602,1721,2035,3273
454,457,600,601,635,1512,1513,1867,2189,3588
113,118,128,240,264,269,285,286,307,308,333,432,497,501,507,642,669,765,921,941,948,949,952,953,954,955,1061,1091,1264,1398,1399,1401,1402,1403,1469,1555,1567,1592,1800,1801,1804,1805,1928,1993,2109,2119,2164,2258,2273,2285,2376,2422,2489,2685,2756,2759,2778,2877,2934,3013,3026,3037,3080,3093,3110,3223,3313,3426,3478,3589,3590,3591,3592,3593
480,1068,1108,2802,3035
510,728,1262,1476,1816
338,2479
1847,2667,2867
1538,1701,2305,2908
343,479,480,1376,1487,2062,2065
1164,1263,2193,3157
250,2584,2911,3594
1206,1219
115,158,185,1637
567,627,658,660,1068,1108,1427,1818,2477
244,621,1480,1585,1613,1738,1923,2069,2599
78,3353
143,1042,1955,1956
749,780,1009,1463
906,1065,1545,1696,1714,2285,2287
231,828
488,489,528,1334,2135
204,378,439,440,1799
576,577,3448
1767,1768
68,706,857
308,1771,2429
1304,1652,2860
717,2579
346,1068
964,2475
686,2581
3147,3595
50,61,594,682,844,1109,1200,1419,1501,1670,1715,1880,2250
349,761,774,796,800,808,1433,1434,1636,1932,2153,2830
907,1468,1687
1276,1602,1605
1559,2507
1731,2838
65,3447
12,1233
17,836,2130,2913,3148
1251,1367
378,460,767
349,2344
253,1507
68,843,993,1143,1814,2046,2572,3596
28,1150
594,2101
33,768
1261,2699,3419
483,484,2001
265,268,270,1343,1399,1805,2118,2434,2435,3554
184,458,679,1945,3116,3173,3174
330,741,3115
922,2384
480,1109,2534
548,3597
554,2918
325,786
176,211,689,1166,2140,2141
385,2240
128,130,241,2205
1744,1891,1940
140,574,2353,2869
1025,2168,3168
368,2723,2724
61,315,317,593,1068,1076,1467,1501,1710,1920,2689
1361,1362,1363,1642,1753,1892,2487,2524,2983
405,462
14,20,385,386,550,1150
68,1715,2856
29,2482,3332,3507
231,2152,2675,3086,3307
133,134,135,1132,1456,2478,2625
82,150,151,726,1230,1286,1298,1377,1490,1491,1492,1493,1930,2005,2055,2102
1432,1901
155,163,773,777,1114,1292,1296,2341,3050
575,2580
222,2755
328,1003
2938,3110
3349,3598
982,983,3175
1187,1204,1952
22,189,192,589,668,685,851,852,1255,1544,1626,1724,1726,1729,1736,2127,2510,2730,2930
318,716,2532
592,2016,2183,2469
601,860
276,1547,2166
306,948,1088,1252,1398,2068,3517
187,1465,3599
239,346,776,855,1068,1467,1671,2686
3229,3600
466,583,1546
281,493,2196,2308,2640
227,349,800,1087,1344
950,1805
101,382,759,1265,1671,2410
374,1064,2109,2240
1455,3454
885,920,1651,1838,2570
700,978,980,1811,2339
536,1449,1662,2151,2266,2458,2963,3098
1629,2221
894,2056
1907,2778
177,351,541,1185,1197,1203,1292,1295,1296,2398,3281
250,1067,2936
816,820
292,294,857
653,2600,3601
68,70
464,2022
86,2000
77,167,168,200,476,477,478,834
408,2066
103,726,1044,1222,1377,1491,1931,2035,2036,2038,2727
357,359
12,17,1233,2321,3053
79,535
369,1495,1844
3461,3602
68,1096,1815
1459,2576
360,1650,1663,1802,1854,1885,1989,1990,3460,3603
1032,2233
2068,3018,3270,3286,3287
82,83,93,345,1575,2103
887,1717
450,1906,3320,3604
390,679,1945
1274,1275
368,2724
709,918,2178
990,2405
142,580,710,1456,1476,2173,2174,2179,2544,2772
47,579,1035,1040,1137,1785,2107
405,1328,1661,1802
1890,2210,3299
101,1835
129,679
733,3605
319,1560,3257,3258
1294,2469
821,2585
512,2183
1173,3399
337,459
1680,1681,2906
1701,2216
1989,1990,3606
911,1041,1959
167,209,245,373,399,478,612,765,1235,1503,1765,1768,2498,2567,2737
493,2528
308,1390,1800
154,163,164,350,352,545,546,547,757,758,759,1168,1180,1182,1196,1202,1220,1292,1299,1375,1383,1509,1575,1640,1930,2829
3375,3527
1237,2277,3607
691,2755
2320,3351
183,3416
493,494
748,1413,1414,1744,1745,2312,2325,2784,3157,3361,3368
148,151,808,846,1229,1381,1459,2065,2727,3258
634,848,1170,2876
3405,3406
387,1150,1151
1341,1712
328,332
345,1919,2181,2948,3129
580,2175,2350,2772,2787,3181,3339
882,2610
349,937
666,1574,2748
1236,1239,1240,1879,2278,3541
74,1980,2617
233,1624
2544,3339
1368,3608
1065,1261
1390,1915
384,969,1463
308,2168
1040,1138,2715,3431
2166,3446
2325,2987
224,261,264,1080,2471,2547,3053,3184,3477,3609
88,193,1728
186,678,1129,1732,2798,2820,3022
837,1026
216,1352,1550,2266,2743,2778
2883,3610
465,517,1935,1936,3494,3611,3612
88,775,894,1141,1749,1750,1875,1901,2056,2540,3146,3409,3449,3488
591,2356,2358
681,699,709,710,926,927,1447,1794,1978,2043
373,944,1519,3023
258,2493
777,936
220,740,741,3310
20,27,28,256,1873
481,753,1023
280,284
62,63,459,2018,3423,3464,3607
676,3180
2283,2731
351,359,541,1181,1188,1194,1197,1292,1296,1419
1856,2986,3333,3613
296,1012
717,2361
274,2137
1578,3325
354,1494
1231,1687,2004
887,1132
2145,3614
962,1423,2803
1507,1697,2605,3427
1401,3615
2434,2529
3103,3450
1126,2573
374,496,2046
666,1923,3021
68,70
943,3316
1230,1288
775,793,1211,2148,3067
992,1740
13,276,332
50,480,658,660,1108,2615
284,367,1070,2288,2723,2724,3183,3616
572,578,1872,1924
2239,2760
351,480,797,1177,1182,1194,1203
315,937,1291,1459,2587
2359,3617
1703,1853
338,3618,3619,3620
511,1819,2469
668,3521
146,147,149,163,310,359,908,1182,1192,1206,1217,1279,1374,1459,1486,1573,2007,2010,3409
17,276,1308
1033,1034
1049,1321
81,83,350,352,544,1108,1640,1782
135,1114,3035
959,1738
90,123,1093,1405,3134
345,347,729,843,846,1110,1183,1299,1953,2055,2103
937,2217
464,475
26,1744
1423,1617
330,405,959,2032,2076,3416
512,566,567
2364,2365,2505
1939,3413
604,945,1778
93,1476,1820
1516,2172
564,713
520,2785
149,343,351,540,543,546,640,902,912,939,1188,1193,1196,1197,1203,1209,1376,1383,1490,1492,1575,1963,2476,2658,2829,3114
48,882
3321,3621
1585,3622
454,1371,2447
480,2788,3181,3339
90,2502
2346,3280
593,2245
285,2524,3623
2447,2485,3624,3625
90,123,722,2158,2465
392,957
1057,3626
207,245,312,420,478,922,1121,2604,2696
897,901,1225,1559,1675,1676,1780,2340
409,884
708,2576
3513,3514
74,2237
2249,2296,2576
454,457,623,878,1018,1429,1430
495,496,1771
2969,3590
2116,2737,3182,3277,3455
25,110,111
108,2726
28,84
1709,2207
1715,2265
3444,3627
887,1478,2545,2625
1981,2700,3628
1814,2534
54,192,687,688,689,851,852,1347,1847,1848,1970,2510,3432
1512,1513
459,2132
832,3604
134,1103,2245
1109,2203
288,1614,1615,1616,1619,1621,2394
847,1089,1471,1820
181,226,1344
857,1752,1814,1815
336,622,878,899,900,2872
1527,1741,1927
3132,3365
1550,2327
817,2550,2553
247,2320
480,2248,2687
671,2294,3629
628,1018,1370,2862,2866,3130
865,911
14,20,276,368,385,386,387,1150
523,1598,1606,3216,3630
61,358,371,784,896,1068,1076,1201,1501,1502,1710,2061,2344,2689
1438,1442,1447
1604,2368
3117,3121,3229
224,3240
111,3146
481,753,2979,2983
63,459,1709,1851,1962,2018,3039,3340,3424
1218,3318
256,2050
115,158,2900
464,1848
2000,2118
1544,2163,2605
8,373,1662,1703,1853,2071,2149,2416,3631
45,583,1046
1702,2496
1235,2608
573,966
666,998,1000,1304,2361,2869,3491
330,1753
947,2376,2439
825,828,1386,3283,3632
750,752,1694
531,849,868,1691,1838,2696,3113,3289,3580,3633
633,875,879,3105
173,289,901,1614,1618,1619,2393,2906
99,117,142,143,161,546,912,1178,1189,1195,1216,1420,1421,1617,1620,1635,1677,1956,2392,3161,3256,3634
1814,2978
234,3270
1477,3540
334,378,436,459,1325,1704,2020
25,26,110,111,558,1558,2345,2464
1507,3243
89,324,774,804,1320,1670,1843
345,1110,1500,2476,2659
358,1680
2484,2710
89,239
614,621,625,747,813,952,1243,1245,1250,1251,1403,1738,1799,1872,1923,2018,2028,2327,2812,3101
405,1340,1932,3171
698,1465,1795,1977
770,3014
1532,2459
1066,1642,2642
1056,1117,1264
103,325,352,757,759,791,793,799,803,1087,1153,1177,1204,1272,1345,1380,1434,1638,2093,2148,2445,2817
1538,1702,2403
368,385,387,1151
1730,2957
719,1557
882,1946
1076,1427,1818
379,1941
345,847
1274,1275
1694,3635
132,2403
742,921,3061
166,167,399,413,414,449,2737
43,514,1063,1282,2140,3285
74,75
539,2946,3284,3481
1193,1204,1208,1472
220,738,740,741
1459,2576
15,223,224,258,386,526,650,738,739,767,818,974,1027,1334,1518,1550,1691,1899,2074,2201,2328,2490,2493,2497,2546,2565,2740,2762,2806,2925,2953,3034,3047,3074,3168,3219,3301,3415,3537,3636
178,480,684,710,847,917,1113,1115,1524,1960,1961,2296,3637
573,2193
565,721,1323,1540,2927
2057,3279
149,150,177,310,543,726,994,1193,1195,1298,1376,1377,1487,1489,1490,1492,1493
563,701,1984,2394,3582
616,871,1719,2262
1403,1804
1727,2730
1209,1459,2463,3638
484,485
274,522,609,1140,1333,1539,1601,1691,3600,3639
1644,2515
226,886,1836,2249,3035
1239,1706,1871,2207,3640
2352,3401
2361,2869
54,1347,2379
316,1781
304,3052
191,1329,2354
224,1027
680,925,1038,1708,1814
188,1474
68,70
60,596
229,1764
1495,2921
882,1040,1044
2597,3103
1433,1636
182,1218,1619,2829
408,706,708,843,857,1098,1101,1141,1454,2572,2573,2689,2739
1754,3127
39,961,1792
1643,2122
694,706,708,712,993,1095,1102,1143,1201,2689,2856
254,580,2517
2244,2903
1086,1418
670,672,2028
83,143,144,145,148,149,163,310,348,480,727,729,757,939,996,1036,1069,1168,1176,1179,1180,1182,1183,1184,1186,1193,1196,1201,1209,1212,1213,1214,1215,1218,1222,1226,1229,1290,1297,1377,1490,1493,1635,1707,1735,2055,2102,2659,3065,3318,3550
886,1113
1076,1078,1920
147,150,159,1192,1195,1227,1458,1959,2655,3111
1048,1549,2270,2272
1539,2252
24,247,537,1701,1757,1758,3119
307,507,3026
189,619,2135
1516,2127
0,1,2495
5,1994
1513,2420
78,2040
2696,2733
3254,3364
51,349,408,1271
1748,2257,2748
40,421,453,478,1858,2223,3641
41,42,43,211,213,415,681,1102,1336,1440,1442,1447,1978,2041,3154
528,1539
459,3607
1543,3494
253,778,2291
750,1001,1671,1694,2033
1363,1562,1564
1117,1657
892,1332,2674
573,819,1574
129,390
373,831
64,855
78,166
1780,2267
565,1404,2731,2789,2860
149,542
511,512,728,1499,2183
1162,3463
50,1195,1297,1475,2131,2276,2277,2907,3050,3095,3642
90,123,649,720,721,722,986,1093,1645,1725,1727,1824,2124,2126,2127,2128,2157,2158,2402,2502,2552,2730,2867,2928,2931,2969
738,741
577,1589
2691,2804
140,564,713,1574
1034,1417
1865,2554
373,2546,2761
1,2113,2114
401,426
275,731,1772
1138,3166
349,596,796,2470
480,681
509,556
311,936,1638
1197,1204,1220,2055
493,494
775,3088,3488
68,433,708,1752,1815
80,82,95,345,627,1113,1205,1582,1583,1919,1976,2176,2182,2219,2500,2947,3128
2362,2733
882,3212
874,2076
132,1559
1712,1879
610,689,1251
35,293,294,408,857,1098,2212,2737,3123
416,1119
1587,3227
483,1683
245,268,1308,1389,1899
2475,2840
314,460,1432,3171,3262
1860,1965
373,2409
1751,2594
1633,3643
848,1834
129,268,270
225,739,1699,2074,3284,3508
61,116,1795
1235,1519,1579,2837,3385
100,2029
77,78,165,167,168,195,196,200,205,266,396,397,398,399,400,401,402,403,404,405,408,409,410,411,412,413,415,417,418,420,421,423,424,425,426,427,428,429,431,432,435,436,437,438,439,442,445,447,449,451,452,453,459,1096,2473,2932,3296,3383
39,2919,2941
676,1046
1994,1995
363,2357,2935
923,2986,3644
741,3645
296,2965
193,943,3316
1803,2633
766,2164,2946,3284,3426
50,98,145,146,149,160,164,325,350,354,543,544,545,756,757,758,759,760,761,762,777,782,783,784,786,788,797,807,810,812,897,1192,1221,1279,1292,1375,1380,1487,1492,1493,1509,1572,1638,1782,1964,1985,2007,2062,2093,2167,2341,2405,2463
537,560
1106,2195,3646
64,99,412,843,2093
1166,2822
368,385,836
554,1689,2326
218,740
763,2113,2957,3156,3647
1273,2247
1172,1173,1935,3648
487,1276,1598,1599,1605,3143
722,2465
808,2064
507,951
378,768,1657
554,1265,1894
846,2199
1724,2712
34,738,1449,1711
36,1443,1444,1464,2207,2455,3649
657,693,725,1300,1373,2557
480,1965
2321,3163
933,1413,2284
1917,1945
118,307,507,2685,2939,3385
213,441,1437,1447,2423,2940
3570,3650
302,405,738,1663,1703,1799,1853,1854,2149,2150,2416,3006
52,53,189,190,191,192,338,389,678,687,689,1046,1255,1347,2347,2379,2504
1058,2664
2274,2499
40,77,211,1993,2050
816,2601
383,794,967
726,938,939
321,322
1691,2082
1701,3097
271,564
220,740,1070
1481,2227,2489,3211
75,232,1127,2100,2636,2921
667,1365
566,1476
1487,1860
1911,3060
167,1090
454,457,622,899
642,738,740,1256,1424,2490,2874
2174,2788
1891,2904,2972
1599,2820
495,873,876,1650,1912
1332,1396
890,1278,1400,2287,3437
1018,1021
625,1075,1171,1886,3073,3651
1652,1694,3647
84,2090
847,1132,2788
440,2104,3071
574,1416,1599,2533
1289,1523,1875
498,651,871,2083,2955
715,1890,2789,3164,3165,3253,3330
2320,3351
3,221,376,748,2146,2766,2852
1324,1385,2360
789,1181,3449
911,912
579,1136,1138,1785,2506,2945,3166
1239,1712
795,857,1096,1103,2225,2831
116,1294
1865,3652
2441,2783
959,2581
940,1072,3382
181,1115,2264
847,2545
3008,3551
1416,2562,2784,3361,3547
891,1841
454,1302,1511,1512,1513,2447,2448,3653
567,627,1205,1582,1641,1976
961,1021,1793,3224
1085,1417,1495,1844,1933,1937,2356,2488
946,1066
277,1899,2196,3141,3341
293,857
1058,2664
294,427,695,708,843,857,1045,1098,1326,1454,1864,1970,2508,2509,3454,3455
178,3654
3,1387
76,1278
481,495,496
93,94,95,177,512,555,627,881,1478,1500,1821
13,483,1683,2592
17,1898
210,424
225,3655,3656
1059,1080,1311,2648
957,1260,2561,2562
1205,2973
14,27,385,2427
620,1594,2301,2709,2731
2480,3187
46,48
579,1137,1708,2105,2106,2107
3474,3539,3657,3658
166,204,453,1092
6,7,2848
139,140,251,653,998,1000,1135,1409,2353,2361,2375,2441,2670,2707
1714,2258,2624
662,1234,2531
2002,2549,2593
1056,1264,3068
1400,2721
2480,3620
78,165,166,169,194,195,197,198,199,201,202,203,205,404
69,1976
1616,2012,3268
1049,1405,2515,3090
655,1696
686,831
51,64,349,371,786,791,858,937,1003,1272,1345,1378,1421,1638,1835,2008,2410,2444,2445
1171,1915
234,852,1051
1596,3659
405,1327,1799,2024,2131
37,861,1248,1437,1438,1446,1447,1448
668,998,1729
219,328,690,1003
1601,1603,3630
1376,1636
1544,2371,2722,2740,3351,3380,3660,3661
507,2376
1449,2077
378,621,3448
666,1776
376,3662
1357,3241
209,1256,2874
125,490
233,576,2114,2495
91,121,344,441,703,721,1051,1727,1824,2126,2730,2927,2929,2931,2932,2970,3046,3300
1826,3568
178,1185,1188,1224,2247
1353,2586
58,507,2067
44,45,575
268,666,1389,3207
1496,2570,2747
1304,1652,2359
2543,2545
60,371,803,1087,2247
923,1479,2273
1694,2033
1031,1753,3495
720,721,1323
245,1587
1816,1817
255,1281
35,292,294,694,736,857,1045,1752,2169,2596,2978
2832,3516
748,1744
610,1801
1212,1218,1619,2829
824,1522,3547
1388,1390,1800
465,591,1543,2274
1346,1347,1348,2374
1133,1801
1267,3663
523,1599
1573,2008
21,328
523,2252,2871,3118
65,1259,1561,1614,1615,1618,1619,1621,1677,2014,2906,3269,3582
14,28,256
209,257,378,894,1328,2048,2049,2050
483,484,485,835,2001,2592
58,834
2506,3431
775,2340,2341,3088
329,481,754,755,1023,2703
2098,2100
1595,2025,2193,2680,3143
307,449,945,2569
1940,2456
483,1683,2454
245,578,1544
601,1366
1323,1416
1691,2953
1190,2004
117,132,158,1678,1679
1694,2033
47,48,103,105,681,701,706,708,1095,1100,1143,1289,2573,2856,3277
1,26
209,1995,3530
441,2423
1013,2002
226,371,937
147,1678,2881
1411,2458
563,882,1126,1228,2573
147,356,1177,2881
245,492,666,1389,1865,2479,3084,3094
2686,2689
1939,2865
1807,1810,1811,2339
245,959
304,1409,2352
570,578,1372
1078,1984
96,153,936,1996,2445,3035
596,758,760,843,909,1860,3664
3665,3666
2079,2515
666,2826
48,81,178,1230,1298
135,1098,1114
2145,2278,3124
1751,1840,2783,3332
570,614,625,738,1242,1249,1250,1403,1480,1514,1859,1924,2652,3101,3159,3230
2054,3363
1266,3094
1096,2169
189,192,484,531,739,1046,1347,1736,2047,2232
1653,3498,3499,3667
1601,2026,2318
338,1790,2152,2479,3375
1084,2046
626,2477
1806,2166,2240
49,65,967,1524,3317
262,1029,1425
488,489
857,1098
739,741
840,1398,2095,2204,2206,2357,2761,3668
768,3383
322,323,1360
14,368,385
833,1408,1409,2353
3076,3079
51,64,349,382,843,1272,2444,2606
1408,1416,3546
226,1638
21,331,368,498,836,1235,1278,1363,1503,2946,3040
178,310,657,1177,1221,1364,1474,2008,2009,2264,2344,3122
245,3403
14,174,1923,1927
2211,3669
3275,3276,3379
923,1072
1311,1322,2126,2929
2590,2966
593,909,1419,1501,2752
460,1239,1871,2207,3303,3640
689,690,831,1545,2514
129,679,1945,2704,3135
45,643,1349,1554,3174,3325
911,1946,2468
565,721,1323,1540
591,617
108,226,2021
343,479,545,682,909,1201,1289,1860,1880,1965
625,899,2652
676,1732
368,550
385,1151
493,2527,3452
1875,3295
185,837,1546,1645,1848,1927,2730,3300,3670,3671
22,1065
1495,2356
2469,3573
1751,3332
148,157,1373
140,2257,2869
345,772,1500,2180
245,3084
213,1438,1811
889,1852,1938,2058,2691,2733
77,78,79,195,307,442,1124
726,1794,2035
738,1154,2547,3672
969,1829
64,1076,1272,1345,2445
81,82,83,345,352,355,1468,1582,1640,2412,2659
1737,2046
338,940,2094,2479
203,3389
252,833,2054
58,77,1435
488,489
46,103,104,143,150,343,540,543,545,726,994,1041,1184,1185,1186,1187,1195,1196,1214,1221,1222,1376,1377,1487,1490,1492,1493,1575,1794,1953,1963,1965,1967,1972,2009,2263,2500
1327,1901
1056,2075,2537
576,2519,3202
1825,2258
318,2276
12,17,219
226,737,773
769,952,1057
1546,3300
670,2166
631,639,1678,3190
487,522,715,717,2556
375,1165
2059,3465
998,1000,1777,2302,2956
1479,2029,3518,3637
666,2600
118,264,267,268,270,491,870,945,950,955,1094,2118,2591,3315,3673
2280,2282
176,220,923,1662,2538,2963,3674
272,1104,1508,2424
596,725,734,1076,1291,1381,2884
311,315,792,807,1077,1454
343,543,1494
2544,2545
680,705,710,1063,2029,2179
384,1595,3488
507,1352,1550,2104,2916,3288,3302,3532
819,2298
1144,1145,1682,3629
81,555,1288,1976,2219
83,1184,1198,1208,1210,1214,1223,1635,2846
253,1408,1521
563,639,640,1960,1966,1973,3190
1469,3385
173,555,1205,1223,1561,1614,1615,1618,1619,1621,1675,1678,2014,2112,2701,2905,3150,3188,3509
117,289,1678,1679
2827,2828,3110
103,1716,2037
29,573,1302,2359,3617
498,3206
1981,2887
308,948,1951
918,1133,2693
406,1119,1858
3,1689,2326
42,200
1077,1920,2248
903,904
1040,1270
2267,2284,2575
576,811
915,1130,1830,2098,2100,2173,2636,2788,3675
78,266,270,930
232,848
631,639,1966,2107,3192
2490,2493
226,2045
2164,2439,2616,3676
1264,1566,2165,2503,2685
695,917,1978
1928,2605,2624
666,1393,2600
178,908,2064,2167,2951
349,1996,2587
2086,2343
155,1228
2073,2074,2075,2997
3610,3677,3678
781,1008,1323
950,3346
303,2707,3047
60,103,1374
1400,1470
131,194,287,449
97,355,658,660,1219,1967,2400
740,2058,2536,3622
2002,3381
2605,2624
464,466,591,2022,3417
897,1749,1750
20,368
918,1040,1834,1857,2297,2305,2517
36,43,436,883
1040,1041,1955
499,2288
1073,1682
165,478
263,2864
117,144,901,902,1618,1676,1677,1678,1679,1681,2012,2388,2906
901,902,1782,2340,3634
303,1012,1764
69,2864
1903,2342
3086,3374
467,2798,3432
401,421,447,1124
176,1923,2569
345,1816,1919
2249,3409
36,861,1401,1437,1767,1865,2255,2437,2646,2652,3425,3446,3679
405,458
103,116,326,782,783,1374,1794,1984,2006
3680,3681
0,2309,2310
68,294,694,706,2831,2856
1364,1636
24,850
642,863,1657,1765,2663,2764,2894
337,821,3022
2472,2481
307,1403
693,733,2557
911,912,1044,1195,1959
14,20,276,368,386,387,1150
566,567,627
478,1657,1658,1858,3382,3402
3682,3683
3436,3684
1519,2472,2777,2778
129,1566
1136,1138,1785,2107,2506,2571,2945,3685
761,784,797,936,1220,1638,2064
344,2942
40,2453
97,133,134,226,887,938,1485,2245,2364
694,857
1327,1915
1556,2713
1145,2548
681,2039
36,40,1236,1239,1246,1437,1447,1450,1610,1611,2277,2278,3541
376,1595,2318
487,489,520,522,523,715,717,830,1276,1359,1360,1598,1602,1603,1605,1606,1688,2025,2026,2556,2680,2992,3143
589,2450
24,3152
12,118,277,282,3155
1398,1907,2460
255,2042
464,465,3417
1544,2258
1408,1599
1809,1812,2339,3063
2097,2949
983,3139
436,3272
90,123,1727,2108,2730,2926
245,1507
77,79,453,1089,1090
1519,2165,2859
58,205,952,1245,2536,2807
599,2447
892,893,1266
1231,1296
467,471
1662,1910,1947
408,418,857,1752,2212,2508,3455
2822,3285
182,786,936,1781
1504,1505
10,1737,3236
463,1847,3157
2120,2571,3686
150,1963
211,1586,2966
1306,2744
2275,3392
1367,1711
3321,3621
17,2946
167,430,442,447,449,2304
3327,3659,3687
277,2805
1349,3326
245,307,366,432,953,1397,1697,3313,3668
1068,1095,1197,2250
40,621,1235,2086,2750
239,511,659,2839
80,1476,1477,1524,1976
589,2087
483,1683
90,525,817,1405,1645,2108,2730,3300
586,587
406,1075,2025,2135,2136,2632,3272
1126,2543,2545,2788
373,435
758,760,802,1279,1295,1572
77,922,1326
794,1173,3399
1517,2348
544,1207,1286,2686
388,1079,1150,1389,1753
102,1412
188,1749,1750,1903,2148,2217,2884,3409
607,2207
245,534,2972
320,2904
642,952,1657,1765,2663
226,1867,2421
1094,1757
2197,2515
2470,2498,3266
284,2723
651,3688
68,658,660,845,967,1486,1583,1782,2686,2689
170,564
2074,2523,2527,3553
182,2696
628,3130
1651,3689
76,124
1302,1798,2417,2447,2866
1075,1657,3033
1663,2045
2565,2904,3146
220,290,738,740,1116,1118,1256,2547,2874,3275
480,911
295,650,652,1348
1459,2576
262,276,1308,3085
43,113,118,126,128,130,216,240,264,269,285,307,308,333,366,393,411,432,442,476,497,501,507,550,604,610,642,650,669,670,672,733,738,765,921,941,942,945,946,947,948,949,950,952,953,955,971,1026,1027,1053,1055,1061,1064,1091,1094,1264,1353,1398,1399,1401,1402,1403,1469,1555,1591,1592,1628,1696,1800,1801,1803,1804,1805,1993,2109,2118,2164,2165,2185,2258,2269,2285,2289,2338,2376,2422,2489,2569,2605,2685,2720,2756,2778,2780,2809,2874,2875,2877,2922,2934,3013,3027,3037,3080,3093,3131,3183,3223,3230,3313,3334,3356,3385,3408,3426,3478,3589,3590,3591,3593
113,220,941,2426
938,2016,3295
149,350,352,359,546,729,757,791,796,846,1177,1182,1183,1190,1204,1211,1213,1221,1223,1229,1490,1575,2818,3114
19,1719,2844,3690
854,3630
153,226,758,784,785,805,1843,1881
2437,2650,2982
103,726,804,1044,1195,1222,1230,1794,2035
319,1897,2463,2687
2056,2340
327,550,1753
317,786,1434
235,2712,2745
258,259,270,3414
250,2439
2294,3002
82,345
173,901,1259,1617,1619,1676,1677,1679,1957,2012,2014,2507,2906,3509
560,1713,2431
1388,1390,1907,3669
680,710,926,2043
276,3691
1080,2094,2648
292,294,857
599,2091
783,1373,1794,1931
968,969,2977
2108,2124,2157,2860,2927,2929,3451
1,1730
311,803,2405
346,1068,1076,1077,1467,1920,2248
860,861,2077
259,2084
206,507,1398,1519,2472
680,684
178,1750,3409
1552,1729
625,1802,3649
708,1101,2574
220,3692
716,3401
239,1537
829,3283
567,809,2247
58,200,212,378,404,1054,1235,1858,1993,2303
669,948,3013
253,303,462
1056,2163,2165,2857,3476,3503,3517
998,1000
158,1675
297,720,721,2372
2286,3275
24,1758
1934,3586
723,724
222,333,1527,1542,2608
1531,1809
1807,1808,1810,1811
2456,3693
887,2199
677,678
2371,2430
2868,3694
1072,1073,1791
1925,3021
1560,3257
921,3695
286,3211
2,2113,2114
321,487,488,522,523,524,1276,1277,1360,1595,1601,1602,1688
710,1477,2175,2350,3100
1119,1567
1014,1379
916,917,3430
61,480,800,844,909,1498
1619,3057
149,543,1204,1221,1380,1492,1952,2035
701,1617,1984
560,2964
493,1066,1460,2073,2074,2075,2523,2525,2527,2997
8,9,10,11,118,307,1737,2046,3236,3404
3366,3561
281,1417,2196,3068
2,296
1548,2152,3042,3086,3167,3307
577,3140
584,1169,3010
467,998,1000
135,514,917,1133,2573,3508
861,1251,1437,1650,2077,2458
2130,3148
596,1344,2686,2689
1981,2700,2887
1716,1795,2034,2198
1614,1615,1616,1617,1620,1621,1957,2013,2906,3269,3634
1714,1779
717,1721,1723,1725
634,3696
714,721,1323,1890,2252,2482,3164,3165,3253,3330
335,747
142,144,581,1035,1040,1959
2270,2827
308,507
923,3231
3268,3584,3697
164,351,757,786,895,1297,1492,1509,1902,1903,2007,2065,2397,2399,2400
292,294,857
1267,2162,2438
171,1413
1598,3216
593,843
1753,1892
345,1816
321,854
222,986,1012,1551,3497
136,520,523,715,1165,1276,1359,1599,1601,1602,1605,1688,2025,2680
507,2376,2761
182,808,1345
2002,2330,2550,2553
950,1526,2109,2565
333,496
2,1508,1730,2424,3167,3174
1050,1051
662,2375
480,1068,1077,1920,2248
103,680,684,702,704,710,882
2535,2783
701,728,1069,1477,1969,2176,2182,2659
1573,1634
74,76,1495
63,459,2235,3423,3504
449,3402
49,990,1420
933,1522,3355
104,544,783,909,1860
2080,2717
2200,2514,3053
189,190,192,689,851,852,1255,1347,1729,2044,2510,3243,3698
292,294,857
1024,1029,3053,3699,3700
1007,1645,2272,2299,2300,2515
832,1914,2565,3701
3,1689,2326
1532,3508
386,2747
454,1512,1513
1139,1140
621,1592
45,748,1307,1413
339,1046,3022
284,2723
68,857,1814,1815
12,261,277,1425,1899
200,209,214,1326
2098,2100
103,143,144,173,1219,1259,1561,1614,1615,1617,1680,1782,1795,2014,2392,3268,3269,3582
368,495
666,1574
563,1270
360,361,872,1429,1910,1913
1398,1566,2165,2503,2858
200,209,243,378,577,885,922,1245,1480,1528,1585,1586,1587,1588,1589,1590,1591,1592,1734,2048,2069,2086,2225,2253
86,481,755,1023,1999,2000,2440,2703
124,1027,1278,1642,1841,2487,2910,2989,3240,3702
1723,1725
2371,3482
1031,1399,3284,3477
170,565,714,721,1323,1324,1540,2080,3400
383,848
821,3022
308,330,521
226,1516
464,472,587,3535
1694,2033,2373
210,771,1480,1483,1867,1924,2069,2337
401,412,421,426,1124
1,558
971,2163,2503,2577,2757,3230,3334
24,1757
325,1076
321,1601,3216
888,1369,1797,1909,2771
2224,3014
628,3689
567,1069,1271,2752
64,844
2331,2333,2334,2335,3546
654,655
493,2528
2283,3703
25,111,558
188,310,1716,2008
944,1519
942,1118
522,1654
1694,2780
1401,1403
245,3704
321,2026,2317,2318,2319,2556,2729
373,686,831
1537,2016,2247
284,2308,2321,3068
375,1165,1745,3361
2515,2554
1190,1200
210,3308
1027,1892,3702
2268,2663,2857
91,703,1072,1073,1682,2423,2932,2970
133,1113,1114
865,882,1040,1958,2468,2610
760,761,784,788,797,807,936,1378,1488,1964,2625
316,545,1207,1502
82,143,150,151,543,544,563,726,800,1176,1184,1193,1195,1196,1198,1219,1222,1228,1230,1299,1374,1377,1490,1491,1493,1575,1635,1954,1973,2035,2038,2829,3212
2371,2656
791,1077,1378,1419
772,1500
64,2046
226,1529
343,545,682,1289,1376,1860,1880,1964,1965
60,1087,1345,1421,1638,2445
2244,3546
245,612,1482,1765,1766,1767,1768,1769,2086
205,307,399,449,1053,1993
27,386
937,2444
510,2625
708,1959
1371,2193
752,1001
1759,2475
249,1034,1086
1027,1330,1642,3246
1040,1138,2571,3318,3431,3515
84,405
1140,1407
2451,3028
591,841
2699,3705,3706
847,1126,2173,2174
3684,3707
58,205,213,448,672,1238,1245
1320,2154
1341,1712
327,368,1233
563,579,684,1137,1955,2105,2571,3166,3192
253,987
373,1088,1519,1907,2472,3585
940,2108
142,581,931,1040,1041,1044,1955,1956,1959
1539,1558
396,436,611,1712
218,335,633,635,1021,2370,2541,2924,3315
109,110,111,1749
1728,3708
1164,2312
1119,2819
266,3296
1171,1325
264,950,1311,2446,2591,2713,3709
685,2294
353,1985
3039,3607
1164,3547
186,3548,3710
40,621,885,1121,1235,1586,1799,2750
444,3711
35,294
1909,1913
12,277
901,902,1677,1678,1681,2170,2906,3269
1506,3008
544,3570
1910,3189
19,21,219,327,329,330,331,332,482,690
635,1244,1369,2982
920,3255
69,1819
193,1412,3387
118,2165
218,2555,3276,3338
217,220,290,739,740,1071,1118,1256,1406,2547,2628,2874
264,950
957,2775
21,329
2242,3651
206,603
245,373,920,959,1651,2370,3151
561,708,1739
300,1342,2145,2228
18,869
1377,1740,1794
1163,1164,2325,3157,3712
376,1163,1832
3,2424
1034,2616
21,220,330,333,385,550,836,1025,1278,1741,1743,1753,2720,3215
735,2990
136,715
2104,2224
898,1597
1068,1200,1501,2686
1482,2718
317,541,542,734,1188,1197,1203,1286,1492,1502,1710
221,1107
267,2434
444,736
19,124,1278,3609
186,3548
1068,1272,1501
2096,2097,2297
957,2775
69,369,1133
1754,2968,3261
552,1724,2261
2117,3655
1988,2188,3130,3713
1344,1795,2034,2198
117,133,135,1114,2060,2587
1035,1040,1955
98,760,797,855,925,1068,1108,1110,1271,1286,1816,1818,2400
68,1126
443,3714
39,211,689,1166,2140,2523,2822,2920,3285
2309,2310
64,641
24,560
817,1028,2515,2548,2755,2969,3715
43,77,209,211,213,1437,1918,2303,3017
1164,2193,2785
253,436,1449,2077,2386,3423,3716
258,739,3354,3414
489,528,2484
1257,2258
2890,3717
276,330,481,836,1627,1741,3442
112,220,373,738,739,742,959,2070,2316,2874
54,688,1347,2215,2379
659,2595
93,355,1640
2242,3160
90,649,1604
839,840,1356,3718
1008,1833,1995
2000,2118
3163,3690
147,159
74,2522
1529,2405
1940,2456
867,943,1010,3527
2789,3164,3253
113,218,220,741,959
36,208,416,1442,1443,2226,2664
1183,1191,1195,1203,1224,1380,1486,1509,1780,2060,2064,2177,2659
303,3528
739,1424
1849,2452
74,1495,2237,2935,3022,3399
937,2576
2218,3502
2,1508
733,1352,1519,1862,2857,2859
330,373
2275,3392
553,754
81,98,350,352,354,545,546,1108,1181,1299,1640,1782,2062,2065,2476
562,912,1961,1971
781,3496
487,1276,1602,1605,2026
385,2369
200,413,416,424,425
331,2592
847,1340,1420
1399,3223
651,2083
48,545,683
144,1179,1707,1972
21,837
1072,1147
1017,1302,1369,1370,1797,1798,2115,2467,2557,3719
360,1591
34,334
289,1561,2829,2906
45,2568
3498,3720
77,448,476
753,2979
1047,1050
245,1507,1592,1714,1779,1804,2449,2566
245,2449
998,1000
556,594,2061,2246,2818
44,45,557,1463
394,1392,1393
2498,3265,3266
83,160,352,355,486,544,640,729,803,1036,1168,1177,1178,1179,1183,1186,1187,1194,1209,1210,1211,1214,1226,1380,1490,1575,1635,1782,2102,3126
2320,3351
574,999,2968
921,1924,2566
40,77,210,211,213,215,377,416,424,1440,1442,1443,1445,1447,1450
378,576,577,621,769,3448,3626
267,269,270
681,708,882
1394,1940
514,702
40,42
472,3432
209,1256,2458
3194,3195
68,77,168,196,200,408,411,415,416,418,420,432,435,437,438,440,442,554,577,2028,2132,2304,2384
212,415
1418,2617,2878
141,581,708,931,2184,3721,3722,3723
311,800,807,936,1077,1200,1345,1378,1454,1843,1864,1922,2236,2655
1167,2112,2701
2191,2438,3024,3576,3724,3725,3726
2253,2894
688,2215
444,3727
562,681,2786
1040,1974
2605,3341
318,1646,3188
21,327
160,164,326,785,812,2463
2331,2332
76,1495
651,652,1348,2954
78,165,166,169,453
798,3358
480,1113
51,256,459,1087,1285,1422,2444,3180
512,1166
2543,2545
272,321
203,256,332,673,674,675,1056,1234,1586,1717,1947,2218,2255,2788,2950,3101
1733,3728
2195,3729
36,478,1236,1239,2029,2218
276,1308,1503,1898
1604,2675,2678
1735,2097,2507,2629
673,1947
1160,1161,1517,2613,3121,3308,3469
68,294,433,694,695,706,708,843,857,1096,1098,1099,1141,1465,1485,1970,3455,3459,3730
944,1519,3023
272,1307
6,7,2848,3278,3349
311,760
261,3184
1413,1414
290,527
1015,1016
1982,2141
673,1947,2255,3101,3731
1624,2268
3152,3206
1693,1694
938,1701,3097
90,123,2158
1236,1246,1611,2218,2277,2419,3649
483,740,742,1503,1683,2703
3321,3732
2000,2524
1034,1844,1896,2616,2617
219,2529
226,371
1367,1711,2417
251,833
480,2249
2096,2097,2297
107,1001,1671,2129,2746
1056,3503,3733
1754,3528
258,1552
566,567,881,1166,1818
14,1651,1709,2002,2166,2549
210,377,424
77,167,476,478,2028
308,1278
217,666,1256,1406,2426
496,1059,1080
1073,1727,2515
665,1252,1398,2068
121,123
373,944,1355,3695
1033,1034
258,260,307,492,766,1389,1699,1789,1899,2258,2471,2492,2551,3131
2744,2961,3099
625,952,1251,2059,2218,3091,3502
554,1894
36,196,3453
1504,1505,1847,2542
235,3672,3734
447,3296
1595,3488
1050,3087
1306,2744
1777,2494,2665,3735
839,2357
14,1151
390,2073,2075
60,641
115,158
564,1599,2025,2295,2318,2991,2992
1694,2667
1029,1330
1247,2240
1389,1800
121,1405,2283
90,648,722,2502,2614
332,837,1026
835,2938
973,2564
1058,1396,1436,2642,3503
882,1044,1969,2042
84,1422,3274,3383
822,826,1823,2852
1230,1794
659,1467
464,466
133,134,135,659,1113,2478
1609,1611
77,631,680,681,684,697,705,710,882,917,925,926,992,1219,1448,1520,1706,1708,1740,1782,1794,1811,2041,2043
96,99,148,315,847,939,1209,1836,2249,2463,2576,3638
930,1238,1342,1437,1438,1446,2228
791,1087
180,752,1003
136,1690
383,512,705,919,1096,1126,1476,1538,1831,1834,2179
2252,3376
915,2788,3339
264,497,948,949,1061,2164,3408
3235,3465
317,886,1345,1636,2445
909,1068,1069,1109,2265
86,2703
710,926
531,868,1691,1838,2696,3633,3701
375,1165,1413,1462,2784
1390,1800
3060,3600
495,1743
99,358,937,1419
2243,3736,3737
24,1757
54,74,690,1308,1936,2275,2798
408,1327,2655
823,1384
39,49,307,495,550,613,921,984,1328,1651,1882,2151,2807,3384
695,857,1970,3455
1552,2766
51,103,187,326,480,681,698,710,917,926,992,1126,1455,1740,1877,2041,2116,2863
16,307,308,507,692,739,941,1398,1518,1800
666,1777
166,167,202,399,422,449,2737
563,631,640
1066,3228
891,2273
1789,3738
1123,2871,3118
15,84,205,374,550,2090,2234,2240,2290
375,1745
1159,3739,3740
1289,1860
251,998,1000,2707
731,768,1666,1873,2550,2553
14,368,385,387,1150
2336,3572
620,1013
107,591,678,1347,1896
25,110,111
999,1394,1940,2653,3069,3357
216,264,307,442,501,954,1053,1091,1094,1402,1403,1804,1805,1948,1951,1993,2289,2433,2685,2756,2875,3027,3037,3093,3110,3334,3590,3593
1508,2842
264,278,281,282,1898,3141,3341
323,1602,2991,2992
14,20,27,1503
281,3609
5,1135
481,753,2440,2487,2979
97,627,659,1068,1537,1818,2477
220,740
334,614,1066,1401,2642,2652,3230,3545,3679
728,1262,1476,1969,2203
1136,1138,1787,1966,2105,2506,3512
3357,3741
368,387
1200,1636
182,1004
516,1173,1936,2741,3399
142,1035
939,1228,1930
985,2407,2409,2793
423,2954
276,365,482,1030,1031,1233,3085,3148,3162
500,3742
1427,2203
770,2224,3014
459,3423
2298,2375
486,789,1379,1932
354,846,855,1068,2500
1136,1138
1805,3346,3478,3554
276,1898,2751,2838
1341,2207
967,1225,1561,1781,2060,2177,2181,2658,3057,3524
691,1093,3300
104,352,1187,1290,1297,1692,2102,2306
390,1027,2073,2074,2075,3228,3532
959,1482
867,1883,3701
178,342,343,346,351,727,1068,1182,1190,1509,2101,2344,2818
1008,1833
1362,1363,2292
1419,1710,1880,2689
373,378
113,1628
78,79,166,169,194,195,197,199,201,202,203,205,404,1089,1092
3027,3255
1671,1921
210,424
2260,3027
1701,1702
1838,2696,3289,3633
1506,1528
218,373,740
749,969,1463,2345,2464,2977
83,227
286,2185
44,45
68,294,857,1102,2831
891,1033
225,527,538,646,816,1059,1265,1700,1718,2094,2515,2547,2560,2633,2710,3413,3743,3744
1777,2302,2707,2956
378,577,621,622,861,1246,1250,1251,2077,3272
17,327,330,332,484,591,835
36,68,97,200,373,684,710,847,917,1126,1248,1705,2034,2344,2543,3637
67,1456,3232
43,209
781,1008,1009,2313,3712,3745,3746
289,902,1678
256,642,2455
35,1906,2141
1529,1941
136,487,523,564,715,1276,1599,1603,1605,1606,2295,2556,2729,2992,3143
486,758,791,799,800,937,1077,1152,1200,1434,1488,1638,1922,2236,2445,3747
300,396,478
304,573
2054,2375
2543,2544
2602,2603
709,2043
221,735,767,1116,1421,1530,2338,2663,3275,3302
88,2550,2553
1848,3417
2529,3136
43,213,314,334,416,460,607,701,1238,1339,1340,1342,1440,1443,1444,1445,1446,1447,1448,1450,1706,1878,2029,2229,2419,3016,3234,3262,3263,3511,3649
70,255,480,1142,2726
2175,3181
245,373,971,1544
674,1717,2255
1737,2240
2550,2553
728,1816
19,1278
620,2324
573,1574,2804
2759,3236
1777,2302
103,631,680,684,697,705,882,926,992,1520,1706,1708,2043,2082
2478,3055
2285,2287,2288
294,444,708,736
176,1859
292,293,294,706
1313,1897
625,1569
334,3255,3275
137,1333,2600,2710
343,596,783,3664
1319,1333,3302
3068,3748
280,2196
726,939
12,507
353,708,917,1099,1836,2184,2737
433,708,1752
1145,2980
107,1006,3654
1418,2617
1293,1294,3749
507,624
635,1659,1664,3465
220,738,739,740,741,1025,1154
1159,1283,2019,2456
1507,2624
911,1959
1356,3750
598,599,600,860,1251
96,353,1229
772,3651
118,507
4,1319,2366
178,543,1221,1298,2818,2881
1127,2098,2722
527,898
1267,3690,3751
1558,2602,2603
716,933
1723,2969,2988
1694,2033
95,512,566,627,1262
82,2576
2431,3673
549,717
808,936
221,867
1547,2166,3446
651,1013
2021,2815
39,2046
119,120
48,68,631,916,917,1126,1381,2179,2365,2505,2573,3100,3430
192,235,1007,1319,2109,3351
1200,1881,1922
345,555,847,1476,1477,1478,1582,1747,1976,2176,2180,2296,3055
2113,2360,2930
47,68,694,706,1141,1300,2572,2573,3043
945,950,955,2920
368,1925
823,827,1384
1281,1282
1126,2174,2772,2773
77,214,266,416,436,612,1119,1918,3017
889,1938,2671,2691,3465,3752
335,2242
159,1458
901,1614,1615,1621,1681,2388,2905,3269
1782,1816
1191,1459
140,2670
124,224,225,258,261,267,268,341,491,498,521,739,940,1029,1071,1321,1389,1666,1698,1803,1950,2074,2201,2258,2262,2515,2541,2551,2563,2583,2740,2757,3445,3571,3609,3751
513,515,2722,2974,3306
423,904,1682
1281,2726
2843,2956
2223,2293
149,1500,3065
110,2600
1721,3193
602,892,957
655,924
1081,1139
284,1233
970,1255
3022,3070
1096,1103,2237,2544
2710,3530
1011,2015,3619
652,1346,2298
935,1730
2494,2665
740,952,1027,1401,2327
102,523
64,349,2445
327,1278,1642,1719,1753,1801,1841,2269,2521,2642,2724,2844,2910,2912,2946,3040,3240
119,176,213,599,738,1244,1403,1711,1859,1951,2611,2652,3518
836,1503
50,51,93,1782,1919,1968,2182,2219,2220
200,212,300
1898,2196
225,264,267,268,270,283,338,386,390,393,491,501,502,538,539,671,676,739,766,1029,1049,1059,1080,1094,1257,1265,1267,1312,1321,1322,1343,1389,1404,1674,1698,1699,1865,2015,2201,2262,2433,2446,2512,2513,2547,2957,3115,3158,3184,3198,3239,3242,3246,3248,3477,3549,3688,3704,3751
395,3286
2594,2653
235,2202,2745
68,793,2802
1689,2326
757,1168,1211,1223,1290,1490
1392,3753
3026,3027
84,3423
39,1120
759,1560
1255,2510
712,1141,1142,1875
385,738
397,603
729,996,1039,1179,1184,1186,1187,1198,1218,1223,1226,1953,3318
1371,1663
2283,2372
1534,3387,3754
511,1819
563,639,640,1960,1973,2468,3190
1049,3087
1266,1698,2164,3426,3477
2266,2328,2743
2424,2957
332,1129
64,349,729,799,847,855,1889,2444
16,55
113,217,245,290,307,366,385,397,550,666,740,941,1070,1071,1079,1118,1134,1256,1406,2425,2426,2547,2628,3311
562,680,684,697,707,710,726,843,847,1270,1377,1524,1708,1715,1794,1814,2036,2180,2786,3190
1103,1458
368,387
847,886,1537,2543,2545
1028,3040
314,990
1000,2353,3492
491,953
218,397,1661
880,2776
716,1301
1120,2058
1051,3502
204,294,694,1096
98,181,1194,1199,1286,1290,1295,1298,1486,2007
282,2656,3341
763,1890,1986,3368
53,190,852
178,350,358,544,1185,1194,1286,2397
96,2249
108,3409
19,616,1718,2844
245,906
775,1214,3067
346,658,660,845,1068,2689
408,856
25,26,111,557,558,2211,2345
794,1068
13,1899
120,1058,1949,2259
2543,2544
72,1863,3295
520,748,1688,2363,2680
1185,1478,1715,1969
74,339,1026
1191,1509
931,1043
78,420
480,2752
359,1179
555,901,1561,1614,1615,1621,2170,2906
651,2302,2956
132,1739
487,523,854,1276,1595,1688,2025,2319
303,819,2702
292,294,857
96,2264
956,1691,1774,1775,2484
154,1486,1901,1903,2342,2399
132,1381
887,1269
82,95,555,847,1834,2219,3128
1120,1507
993,1101
1776,1939
25,1744
652,2375
3687,3734
537,943,3316
220,333,740,1071,1983,2538
653,666,1776
150,178,783,1377,1492,1493,1952,3755
2446,3594
733,2472,3505,3519
103,783,1686
43,208,211,1447
1852,1885
1915,2057,2234
270,923,945,1059,1080,1311,2648,3688
1629,2137
149,310,540,543,581,726,994,1187,1193,1195,1198,1203,1221,1228,1377,1490,1492,1493,1583,1953,1963,2065,3126
229,1652
1706,2207
213,1022,1626,2089,2166,3446,3576,3756
115,158,1780,2900
135,886,2249
944,3429
729,1715,1969
289,1620,1678,2012,2388
74,76
138,609,763,823,926,1252,1384,1637,2341
1313,1314
64,101,257,1265,3007
394,832
1879,2278
1512,1513
103,152,164,897,1193,1195,1198,1199,1208,1211,1223,1295,1490,1573,1634,1780,1930
360,900
1369,1806,2046,2771
380,932
1852,1886,1887,2078,2959,3424,3577
133,134,239,508,510,511,512,1834,2478
149,178,543,726,756,759,788,807,812,994,1187,1193,1196,1221,1383,1489,1490,1492
103,2009
1058,2664,3518,3545
526,910,2368,2437,2763,3538
136,185,520,525,608,748,823,1116,1276,1277,1601,1602,1721,2146,2252,2363,2368,2766,2852,2853,2854,2987
1439,2967,3298
4,5
1689,2326
494,2075
333,496
1431,1648,2671,3278,3539,3752,3757
1511,2447,2448
2291,2707
671,2665
1819,1820
329,365
89,96,357,511,858,1636
376,488,1359
46,48,105,709,712,993,1143,1426,1453,2574
349,843,844
145,161,164
14,20,368,385,386,387
2425,3758
235,1550,2560,3672
684,1477,1835,2029,2178,2382
14,27,368,387,1084,1151,1900,2002
1064,1470
912,1044,1289,1520,1946
74,75,76,2237,2616,3612
51,325,346,349,371,486,593,708,800,845,909,1068,1201,1272,1294,1501,2250,2752
249,332,1034,1844,2617
431,990,2045,2253
334,570,625,747,942,1238,1241,1244,1246,1247,1249,1250,1251,1253,1480,1867,1872,2166,3338
837,1026
1396,1436,2524
780,2667
24,247
486,734,845,855,1864,1920,2444
190,722,852,1051,1093,1255,1722,1723,1725,1726,1727,2125,2126,2127,2128,2157,2510,2515,2730,2927,2928,2929,2974
985,2160,2406,2407
988,1506,2602,3759,3760
30,138
626,938,1537,1538,1863,2403
345,2103
480,680,701,702,705,710,925,992,1455,2042
568,569,571
68,70,480,708,886,991,1113,2184
245,267,268,666,836,1308,1355,1389,1406,1800,1865,1899,2085,2459,3084
96,357,937,1272,1881,1996,1997,2830
481,1451
666,818
1116,3526
1399,1998,3477
622,1711
235,2745
118,2073,2528,2537,2997
3022,3432
319,1780,3256,3319
38,382
1081,1888
50,310,346,347,350,542,545,593,594,658,660,797,909,1068,1109,1110,1182,1188,1197,1200,1419,1494,1498,1860,1967,2006,2102,2103,2250,2752
45,2142,3051
1171,1900,2058
25,1032
991,1779,2624
2058,2059
1278,1470
1388,1865
957,2814
103,1458,1708
538,766,2762,2946,3284
840,1398
24,1757,1758,2426,2431,3152,3153
773,1152,2249
608,868,869,2267,3580
310,1177,1221
191,823,2146,2852,2853,3364,3761
325,545,762,786,788,797,1201,1376,1378,1638,2062,2248,2405,2463
3762,3763
2061,2582
1291,1997,2101,2606
520,2791
216,268,393,491,731,738,1140,1526,1565,2205,3688
68,695,708,1344,1752,1815,1929
564,1540
40,834
359,901,1561,1619,2170,2393,2906,3269
1575,2829
50,97,134,135,1113,1114,1132,1537,1538,2463,2478,2625
2187,2188
103,211,429,644,813,883,884,1120,1171
371,773,937,1485,1781
650,1733
405,1661
847,2445
396,1341,1712
105,1716,3304
177,343,358,682,908,1068,1538,1572,2248
320,2904
1923,2024,3764
190,1347,1666,2379,2380
632,1113
349,967,1289,1345,2046
1554,2028
646,934,935,1689,2326,2792,2883,3041,3765
121,1844,1896
24,246
40,1440
614,689,1251
40,1246
131,730
1003,3766
680,684,699,1235
1021,1938
325,595,758,786,800,803,2064
20,28,256
2420,3767
781,1009,3712
901,1616
2479,2641
189,2510
46,48,847,918,1959
483,1683
183,2136,2588
1542,1558,1594,2731
2179,2945
303,2778,3568,3672
819,833,2054,2375
12,277,2258,2321,2518
794,1889,2655
1049,3087
699,992,1103
375,748,1165,1413,2325
173,1614,1615,1616,1621,2014,3268
135,1113,1485
245,906,1697
46,48,68,177,178,255,684,911,1044,1185,1520,1715,1958,1971,1973,2468,2610
58,307,1993
1197,1202,1203,1286,1782
493,1349,2075
582,3333
75,2320
173,289,555,901,938,1205,1219,1561,1614,1615,1616,1619,1621,1678,1681,2905,2906
923,1631,2411
182,257,1002,3274
521,1516,2323
313,2228
152,161,939,994,996,1182,1211,1213,1373,1571,1573,1634,2035,3126
1809,1812
320,2904
1363,3420
1438,2453
531,868,1884
2068,3270,3287,3753
1267,3751,3768
1751,1839,2904,3332,3507
2224,3071,3288
355,1640
1380,3050,3221,3468,3747
1992,3493,3621
1260,2561
1133,2572
898,1597
609,748,2252,2363
45,557,643,3174,3358
1126,3020
2334,2335
51,255,918,2042,2726
898,1552,3321,3414
3370,3769
888,1244,1368,1369,1370,1371,1796,1798
1276,1277,1360
12,17,21,45,52,53,54,55,74,86,189,190,191,192,221,231,236,248,253,262,281,282,328,333,338,339,363,389,437,468,481,483,484,485,521,590,591,646,678,686,687,688,690,691,692,739,755,821,831,837,849,851,852,910,923,924,940,946,955,1001,1026,1046,1162,1255,1265,1332,1347,1389,1405,1436,1463,1545,1644,1683,1693,1694,1729,1731,1745,1788,1789,1800,1802,1829,1841,1848,1890,1892,1896,1898,1927,1928,1970,1981,2095,2113,2161,2201,2215,2299,2347,2358,2360,2379,2381,2390,2411,2433,2487,2510,2522,2550,2552,2553,2592,2617,2656,2703,2713,2719,2720,2761,2781,2797,2805,2844,2909,2912,2913,2938,2953,3003,3012,3040,3041,3049,3053,3131,3180,3187,3245,3246,3250,3363,3381,3397,3445,3561,3612,3698,3708,3770,3771,3772
791,2248
98,160,227,761,785,786,1375,1468,1686,3345
225,267,283,940,2757
940,2515
1626,1724,2706
879,888,1797,1909,2771
226,1077
245,307
909,1860,2062,3664
1341,2207
480,2042
773,845,897,1014,2093,2198,2830
805,3122
2237,3339
913,1980,3718
591,914,2893
385,740,1154
845,1068,1271,2265,2444
109,274,488,489,519,868,974,1334,1539,1845,2137,2484,2516,2565
405,1171,1661
516,655,1172,1173,1934,1935,1936,1937,2741,3611
228,1744
77,396,2466
189,2954,3351
841,842
226,324,774,938
365,3053
2003,3060
139,176,1662,2071,3338
253,850,1013,1394,1449,1533,1534,1703,2119,2338,2372,2914,2915,3121,3530,3740,3773
311,315,325,349,593,937,1078,1345,1421,1638,1889,3774
1788,1791,3106
2481,3775
966,1423,2193,2803,2804,2993,3298,3309,3581
40,43,70,211,403
56,57,2256
962,1632,1633
2561,2562,3342
1774,1775
438,2473
1028,1332
747,1705,2458
1460,2527,2769
679,991,3135
84,256,641,1087
8,103,211,429,644,813,883,884,885,1171,1737
1049,3090
2633,3561
256,1638,2090
113,1741
68,70,73
1341,1531,1807,1808,1809,1810,1811,1812,2902
1028,3670,3776
2187,2188
33,37
1452,3576
620,1324,1404,1774,1775,2716
154,342,359,777,1471,2103
220,1071,1713,2426,2431
2284,3292,3294
1110,1262,1816,1818
766,1424,1526,2003,2491
186,1547,2089,2677
77,78,79,165,166,167,169,194,195,197,198,199,200,201,202,203,204,205,397,398,404,408,418,424,429,432,436,439,440,445,449,453,533,612,883,1053,1055,1089,1090,1091,1092,1465,1531,1799,2186,2226,2227
1306,2744
1205,2898
1885,2416
1212,1219
80,82,345,847,1969,2176
2602,2603
296,1349
1,3762,3763
14,15,20,84,374,386,1084,2240
1056,1717
859,2415
90,123
558,1666
646,2570
2097,2297
259,817
297,2283,3777
265,286,1803,2118,2446,3083
224,499,1267,2162,2164,3004,3594,3663,3670
164,178,762,908,1190,1509,2148
714,2927,3647
268,386,481,507,550,686,740,742,836,838,921,1026,1070,1075,1080,1357,1741,1841,2017,2337,3238,3778
1021,1792,3003
1412,1604
139,998,1000
1060,1565,3034,3315
2259,3519
321,2026
820,1558
353,938,3097
2517,2773,2788
1225,1500
480,1494,1860
189,234,235,851,2135,2510
782,786,792,807,808,1378,1466,1921,1985,3390
436,1325
2758,3021
2074,2075
2669,3287,3334
3397,3779
1463,1666
8,14,20,84,205,256,386,1084,2234,2240,2895
931,1955,2305
1108,1640
861,2414,3780
2662,3381
518,3229
346,1003,1068,1670,1671,1921
710,2179,2203,2573,3637
554,940,1894,2501
96,154,164,810,908,1115,1199,1474,1475,1486,1538,1967,1996,2007,3035
340,1071,1406,2426,3781
103,596,783,1336,1795
2273,2357
2692,3268
1146,2731
175,1731,2022
1756,1992
1776,2319
368,950,2512
322,323
770,1867,1871
507,1906
309,1624,2841,2916
868,1307,1664,2484
1603,2318,2729,3143,3216
14,256
251,2054,2375
350,1181,1207,1523,3201,3449
1682,3629
576,1988,3460
419,514,1264,1320,1515,1516,1519,2523,2745,3288
969,1829
577,1245,1517
24,247
332,591
375,376,748,749,1163,1165,1307,1385,1412,1413,1414,1745
245,577
926,2884
3498,3499
327,374,1503
780,1163,1522
219,328,366,690,1003
64,2445
544,555,1175,1218,1288,1575,2984,3458
98,160,161,163,177,346,351,358,541,593,682,803,1076,1188,1190,1194,1197,1199,1204,1220,1286,1382,1468,1472,1501,1687,2397,2817,3122
316,459
1061,1278,1718
27,385
42,43,2132
103,681,702,704,710
966,1423,1632
79,166,169,194,195,197,199,202,203,205,1089,1092,2473
182,2021
2233,2423,2754
308,481,3782
520,2146,2252,2850,2851,2853,3012
1047,1050,1723
3291,3435,3444
1629,2368
126,2269,2720
464,1731,3022
2580,3286
26,1165,1307,3783
1024,3204
230,1574,3736
836,952,2255
226,545
3227,3365
180,349,589,847
2283,2515,2970,3348
2079,2372
347,1930,2103,2984,3465
346,772,1003
68,72,226,2626
110,652
694,706
1550,1743,2918
2662,3557
335,2218,2242
374,507,923,1064,1436,1806,2273,2376,2720,3026,3699
68,1465
68,70
220,740,1923
1562,1564,1565,1907
61,479,545,783,795,800,1298,1877,2041,2093,2689
2224,3288
3096,3345,3784
182,808,1345,2093
145,359,1199,1208,1209,1210,1486,2344
681,992,3785
24,537,2336
276,363,2522,2838,2879,3070
189,192
209,415,445,448,452,1657,2384,3402
460,1335,1703,1870,2071
521,1276,2047
1021,1513,2943,3003
191,1496,2310
95,1262,1817,1820,1821,2220,2382
788,800,807,1881,2655
507,951
252,253,1000,1337,1601,3488
35,58,611,1245,1589
297,620,1324,1643,1694,1910,2079,2157,2283,2372,2552,3558
809,810,1194,1224,1293,1538,1929,2245,2246,2247,2248
113,2223
389,390,392
148,356,936,1191,1459,2727
36,43,430,1236,1238,1437,1438,1446,1611,3640,3649
1425,1741
7,2847
1026,2797
507,1481,2165
68,408,708,857,1096
982,3132,3350
1136,2571,3515
557,1463,1744
1349,2112,2701,3361,3387,3786
307,603,945,1399,2569
58,2028
103,1191,1211,1290,1509
690,1503
1545,2274
1237,1747,2960
259,2380
1807,1808,1812
50,316,317,541,545,593,660,760,783,790,797,1068,1188,1194,1287,1296,1501,1502,1710,1985,2004,2061,2250,2689,2888
3535,3628
593,660,845,1068,1078,1095,1458,2689,2951,3035
895,897,907,1188,1287,1295,1296,1297,2004,2397,2399
948,1994
319,775,1897,3088
2143,3787
12,363,837,1023,2001,2357,2935
107,1006
1339,2145,2228
1049,1405
1404,3048
1003,1219
68,70,71,3390
245,1587
909,1860,1965
1714,2732,3079
656,2889
996,3011,3082
68,579,640,917,1040,1136,1137,1138,1785,2105,2106,2107,2436,2571,2945,3166,3686
132,1863,2239,2403
833,999,1409,1521,2352
43,1876,2743
1448,3659
1352,1353,1484
1476,1747
490,2633,2877
78,1089
945,950
332,485
1519,2472,2481,2777,2778
60,226,1638
252,253,999,1601,2361
255,567,1068,1281,1289,1818,2042,2477
952,1628,3385
24,1701
579,1035,1137,1138,1785,1956,2105,2107,2571
47,105,563,631,640,697,919,1040,1136,1137,1138,1520,2107,2436,2571,2610,2639,2945,3513,3788
2904,3264,3681
64,311,776,845,855,1636,1671,1835,1864,2444,2673
371,382,843,967
995,1692,2010
945,948,1080,1951
1018,1021
436,1807,1808,1812
245,867
327,905,3085
573,999,1408,2361
135,2544
324,596,758,790,799,807,1077,1272,1488,1638,2686
1255,2510
1674,3789
3108,3790
444,923,1056,1330,1642,3080,3147,3503
262,1056,1066,2911
307,1482,1800,2806
716,721
334,1246,1341,1589,1807,1810,2050,2151,2419,2966,3791
225,267,1031,1698,2488,3656,3690
2283,2542
764,3687
2380,2568
2571,3721
371,561,1781
2029,2048
923,971
3,1508,2424,2883,3376
2296,2500,2898
142,1040,1041,1044,1955,2120,3722
100,2369
743,744
1600,1606,2026,2352,3216
847,936,1830,2391,3466
2707,3291
1269,2364
2433,2440,2529,3217
861,3272,3323
65,3318
321,1603,1606,3216,3292
1139,2538,3448
923,940,1047,2002,2094,2329,2515
1476,1477
454,1511,1513,1793,2210,3428
2018,3039
1620,3634
530,1104
333,1927
3539,3693
226,309,1116,2841
554,1894
3576,3671
1165,1413
1479,2029
334,923,1059,1080,2648,3315
462,2207
1526,3398
14,20,28,84,366,2002
623,1430,3144
137,1162,2310
1506,1632,2835,2942,3792
1342,1612
1659,3762,3763
418,2304
1726,3198
621,1628,1779
1808,2902
725,1191,1843,2540
1744,1828
398,401,418,426,1124
1467,1634,2097,2412
1623,2969
93,566,684
976,1807
940,1322
2767,2768
652,818
360,599,1429,1512,1513
1348,2058
1195,1377,1952
2645,3343
1361,1362,1363
68,510,512,566,1476,1834
2792,3086,3434
732,2646
716,933
54,3237
1154,2560
593,660,845,909,1068,2689
988,1171,1882,2018,3039,3423,3504
65,1857
111,1828
43,209,416,3017
864,865
177,3256
200,535
60,1295
473,474
988,2602
140,2353
303,666
36,43,213,334,460,607,701,1339,1342,1440,1443,1444,1445,1446,1447,1448,1450,1706,1878,2029,2343,2419,3016,3263,3511,3649
43,300,416
2408,2536,2537,3484
224,263,501,1080,1107,1267,1311,2378,3115,3242
48,1185,3095
40,77,167,400,404,478,1053,1235,1531,1993,2050,2227
2358,2886
780,2667
65,1834,2297,2984,3457
98,146,164,545,737,760,784,786,796,797,808,1207,1213,1292,1295,1297,1379,1572,1638,1932,2007,2062,2167,2399
1233,2432,2946
397,988,1799
1616,3509
38,93,1582,3055
940,2270
226,1889
313,397,765,766,2662,2663,2664,3204
65,582,847,1035,1377,1477,1835,2176,2177,2180,3055,3518
1352,1550,1769,2104,2266
65,2829,2960,3317,3752
167,3402
998,1000
1148,1149
113,220,739,740,2758
454,457,599,600,601,635,859,860,878,1244,1367,1510,1514,1908,2091,2189,2337,2417,2420
684,2199,3100,3389
345,2788
136,1557
324,761,810,1279
1040,1785,1786,3166,3431,3721
1712,2145,2343
245,373,478,1121,1134,1328,1662,1737,1742,1868,3140
40,43,1235,1341,1443,1447,1712,2760
1194,1289,2246,2247
1886,3793
544,593,1286,1419,2752
165,196,401,426,435,437,442,447,3296
1129,2052,3548
122,2661
77,212
23,1034
2019,2836
1442,1443,1444
732,1555
1503,2200,3214
749,780,3794
579,1136,1138,2107,2506,3188,3685
761,785
165,167,401,420,426,435,447
12,365,1233
2353,2670
3018,3795
64,3345
224,263,283,923,1080,1311,1312,2094
46,48,709,882,1581,1715
1741,2724
95,627,2192
463,464,466,467,468,471,472,585,3417,3796
1525,2647
484,485,837
276,3163
1408,1409
336,1651
2465,3393
1707,2829
1235,1439
1631,2620
923,1361,2980
1595,1601
255,480
520,1360,2284,2987
1792,2046,2941
2520,2942
381,2087,2787
1173,1936,3399
16,481
220,1923
371,593,937,2626
2938,3080,3110
104,324,1636,1670,1932
564,713,1013,1540
416,1052
665,2481
2785,3797
901,1677,1679
15,3798
74,474,617,1495,2180,3217,3799
1060,1562,1564
35,58
1292,2505
716,2325,3176,3401
1341,2050,2355
2245,2625
88,1517,2728
2125,2927,2929
636,637,2792,3041
1689,2326
2194,2195,2389
48,697,707,882,2610
258,259
315,786,2888
673,2255
1446,1705,2834
591,842
2829,2959
2538,3220
14,15,372,1927
637,3167
796,1014,1636,2198
1270,2436
323,1360,1839
2252,2872
211,644,884,885,1588,1918
1235,1438,1440,2453
960,2880
317,1272
385,612,672,738,1075,1245,1528,3098
593,1920
276,3782
100,219
385,3480
530,1107,3372
2406,2408
349,785,1996
1278,1642,1733,1892
1433,1932
561,1536
68,693,710,2179,2544
969,2464
1403,2029,2642
333,738,1518,1743,3183
182,231,2711
65,580,659,1524,3800
1557,3692
2068,3270
1478,1816
177,1476,1747,2469
226,316,324,371,509,737,758,777,782,796,800,1076,1287,1638,1901,1964,2830
384,968
609,2252
83,1036,1209,1223
638,1847,2667,2677,3003,3548
638,1729
1332,2000
2143,3787
24,246,1757
940,3351
45,1163,1362
2322,3071
1595,2025
1014,1152,2673
474,585
836,1503,2200
1307,1688
226,1309,3146
374,1873,2240
149,543,1204,1221,1298,1376,1487,1492,1493,3065
689,1250,1251
21,327
3613,3644,3684,3801
40,1445,1450
823,827
68,2173,2391,2469,2636,3573
509,556,566,592,881,1166,2140,2822
30,488,2680
378,577,2086
2699,2700
315,785,791,793,1152,1843,1881
292,294,856
600,624,861,872,878,880,1430,2076,2415,3780
154,164,324,371,762,908,1279,1379,1486,2148
68,659,710,917,1537,1901,2034,2203,3637
1116,2493,3275
3189,3507
596,725,734,1419,1710
1235,1281
3687,3802
882,1456,2217
1741,2070
2003,3034,3354
68,70,292,299,702,926,1876,2041,2169,2595,2625,2689,2693,2856
1129,1544
1701,1702
571,578,599,601,622,859,860,1249,1483,2414,2428,3224
620,1594
366,661
48,103,681,694,706,708,709,882,1143,2856
88,774,2507,2629,2655,2728,3082
345,1739,3803
1000,1777,2302,2956
1404,1594,3138,3239
67,556
51,68,105,294,433,695,698,708,795,843,857,1096,1098,1103,1344,1455,1716,1752,1814,1815,1929,2039,2508,2509,2573,2595,2737,3233
80,1225
321,3365
769,3626
329,604,670,742,1027,1400,1642,2471,3673
747,1709
304,3052,3205
908,1115,1182,1471,1472,1474,3054
292,294,857
742,1527,1741,2070,2628
337,2275
1276,1605
1341,2207
936,1220
953,2685
183,970,2221
65,2112
833,2570
243,244,245,373,577,1587,2599
581,865,1040,1195
39,509,556,566,567,2140,2250
616,1028
576,2319,2930
786,897,1279
943,1728
327,365,1233,1627,3085,3148
50,61,1108,1419
356,1747,1976,2947
460,771
1697,1779,3804
321,564,1409,1603,1688,2318,3143
2084,2429
1496,3363
710,847,1040,1341,2179,2625
128,129,130,390,458,1916,1918,3107
1220,1538
2162,3452
617,1894,2413
45,376,1307
147,436,598,1930,1941,2341,3465
1163,1788,2612
416,418,419,429,533,534,2186,2681,3015
1701,1702,2496,3097,3295,3390
1537,1820
845,2697
985,1555,2260,3027,3037,3313
1800,2201,3025,3672
815,1359
1668,2612
100,2864
776,1843
214,266
642,952,1515,1838,2998,3033,3382
226,2315
78,1125
343,543,545,782,909,1185,1191,1201,1221,1289,1494,1860,1952,1965
591,1034
103,105,480,681,694,706,708,712,993,1101,1143,2856
205,885,2057,2132,2455
114,158
285,286,870,1949,3211
189,192,513,851,1255,2011,2176,2510,2722,3351,3618
378,610,1799,2086
226,3067
923,1071,1927
1034,1417,1418,1895,1896,2238,2616,3068
160,541,658,682,1188,1194,1197,1287,1295,1296,1486,2007,2397
364,505,1841,2001,3125,3312
122,1093
3053,3085
561,693,1814
1138,2639
14,984
1903,2131
2556,3805
1074,2497,3331,3778
1047,1048,1049,1050,1051
1119,1858,3592
1701,1702,2305,2908
306,1088,1252,1398,1739,2003,2068,2095,2138,2259,3517
684,1974,2179,2245,2350,2625,2788,3166
50,80,555,726,1167,1210,1288,2103,2296,3129
1132,2199
276,308
504,1417,1418,1896,2921
136,1307,2424
333,955
2,2121
24,537,1757,1758,2336
12,14,15,17,20,84,256,276,372,373,385,641,642,1084
277,2640
1055,1837,1838
98,149,150,153,154,158,160,161,163,164,226,777,1141,1199,1364,1964,2254,3201,3487
1160,1162,1517,3121,3308
729,2180,2296
1753,2288
257,1003,1265
245,2481,3806
2194,2195
780,1828,2784,2785
378,1754
38,51,346,353,508,510,512,627,728,1185,1523,1819,1834,2203,2478
1073,1682
103,699,705
1885,3056
507,1398
2283,3497
3029,3045
1121,1717
294,808,1877
14,20,84,1084
1456,2543,2545,2772,3807
783,1373,1931,2306
999,1521
34,1239,1445
486,1014,1433
1140,1845,1914,1915,3118
9,307,2091
36,43,77,208,209,211,213,266,402,416,436,533,612,1245,1437,1440,1442,1443,1447
601,860
178,544,908,1109,1291,2101,2248
84,459,2235
100,261,817,923,940,1047,1048,1051,1145,1549,1722,2126,2127,2402,2502,2730,2974,2980,3808
408,3285
21,1753,2529,3080
88,1428
310,1692,2576
1637,2484
72,324
2433,2525
2330,2551
77,166,169,195,198,204,397,398,418,432,478,1089,1090,1092
782,790,792,797,1378,1488,1638
347,592,1499,2140
78,836
299,681,694,699,706,992,993,1095,1100,1426,1453,2544,3596
172,466,1561,1614,1619,1677,1782,2340,2392,2394,2906,3268,3317
162,350,761,786,804,1069,1177,1468,1686,2802,2817
1055,2453
72,412,561,693,793
24,536,537,3316
1379,1902
911,2468
1086,1895,1896
998,1000,2747
380,607,1610
882,911
78,478
245,1697,2286,3249,3809
996,1561,1614,2906,3318
60,182,204,226,257,504,641,656,751,1005,1541,2021,2046,3274
686,2068,2581,3270
817,940,987,1865,2094,2330,3715
1008,1833,2785,3547
92,649
940,1051,2754
304,982
2407,2536,2537
1624,1736
226,3072
741,941,3645
244,373,3493
1165,1558,2904
2211,3008
371,794,1087,1422,2247,3274
217,1150,1923,2608
1432,1799
1346,2054,2298,3291
65,2297,2658,2949,3082
121,2480
114,158,1675
666,2375
21,276,331,481,2130,2439,2454
1693,3149
2297,3142
336,899
998,1000,1346,1748,3460
345,542,1500
24,246,247,537,560,1757
253,1394,1939,1940
1980,3535,3810,3811
352,1179,1223,1226,1290,1509
65,345,2984,3457
182,315,317,593,734,760,797,1068,1272,1381,1419,1501,1502,1572,2016,2250,2405,2689,2752
892,893
476,834,1235,3812
103,658,726,845,1203,1225,1377,1486,1500,1959,2686,2689,3257
535,1235,3425
177,343,354,1177,1584,2344
761,785
2080,2081
316,2154
1342,3124
2661,2662
1257,2117,2258,2935
103,371,658,660,682,845,1095,1185,1203,1377,1486,1500,1781,2625,2686,2689
2320,2371,3351
2079,2080,3277
811,2519,3202,3813
1460,2074,2518,2524,2527,2719,2912,3249
263,538,616,1718,3344,3702
368,495,923,1544,1741,1761,1925,1927,3021,3338,3462,3814
276,2275
296,2142
579,1785,2436,3515
1880,1997,2445,2606
1408,2257
82,847,938,2772
36,43,195,209,211,213,406,612,883,992,1092,1437,1440,1442,1447,1811
317,1836
390,1714
456,738
1111,1842
68,73
1118,2808
1477,2973
1266,3242
824,1416
185,1307,1744
226,596,809
491,950,1399
570,599,859,861,2077,2415
1158,3055
2987,3364
337,590
128,220,307,308,397,507,642,738,739,740,921,941,950,951,1071,1390,1800,2560,2628,3313,3815
226,803,809
691,1007,1050,1725,1729
1325,1422
824,1744,2312,2313,2562,3264,3816,3817
682,709
12,13,15,17,20,28,256,276,372,373,641,642,2002
64,226,757,759,773,783,799,1474,2148
1144,1312,1361,2329
1626,2125
90,121,1073,1645,1722,1725,1727,2324,2501,2515,2929,2932
727,909,1972
806,1842,2198
235,2232
1847,2677
56,3260
608,849,850,867,868,869,1745,2261,2851,3289,3580,3701,3818
245,971,1544,1592,3416
5,301
406,448
686,831
177,761,786,789,801,1069,1177,1931
606,1012,1644
1111,1272
2275,3392
653,1496,2054,2570,2600
990,3819
1376,2148,3122
436,1027,1066
881,1289
3737,3805
460,1328,1444,1464,1882,2253,2455,3649
481,495
166,245,2737
1562,2165,2293
1158,3016
616,1719,3136,3663
261,2431
770,3014
1945,2294,2790
2858,3777
576,771,1123,1924
63,459,1915
317,734,1201,1296,1502,1710,2061,2689
139,564,574,650,713,1346,2298,2374
2166,2258,2376
199,449,501,507,603,733,948,953,1088,1398,1562,1567,1862,2164,2738,3259,3516
1003,2242
557,620,1593,2372
349,1272,2445,2752
646,2300,2766,3376
516,617,1543
642,973,1992,3672
1807,1809,1810
64,65,66,67,1035,1069,1167,1468,1559,1646,1857,1953,3318
34,1513
303,2211,3669
1712,2145,3262
2405,2673
8,10,1737,3236
410,430,2304,3320
1341,2207
1736,2232
276,339
670,672,1399
313,396,2664
481,755,1999,2703
307,1714
2430,3353
386,1150
2179,2180
689,1753,3432
666,1866,3639
796,1932,2153
2574,3190
2262,3094
2138,3820
81,177,345,480,626,1069,1192,1273,1288,1377,1524,1582,1583,1640,1641,1816,1863,2176,2382,2500,2818,2947,3128
487,520,523,525,530,1277,3734
220,738,739
1155,1698,1700
45,1008,1164,1832,2667,3547
1696,2275
940,950,1049,2346
1341,1801
1962,3424
989,2071
294,681,684,710,1794
8,1737
545,881,1113,1289,1860
151,226,354,358,725,1213,1286,1298,2217,2398,2457,2884
2179,2571,2945
1689,3400,3401
307,501,954,1091,1402,1403,1805,1993,2185,2289,2756,3027,3037,3074,3093,3334,3590
18,245,267,268,666,740,836,1071,1079,1308,1355,1389,1406,1800,1916,2085,3084,3271
100,1662,1663,3263
24,247
144,1212,1214,1219,1561,1614,1619,1676,1679,1707,2393,2906,3161
405,1528
266,430,436,439,2304
811,1320
258,259,1789
2072,2073,2075
1847,2089,2157,2730,2926,2931,3300
1772,2114
150,543,1192
1746,1883
2699,2700
3210,3539
2451,2964
1792,2210
68,858,1096
111,575,969
2118,2434,3554
345,1477,2176,2297,2984,3457
1129,2275
44,45,1463,3547
19,21,327,329,686,1026,1074,1503,2130,2145,2913,3148,3214
515,3022
3349,3598
235,691
302,1915
439,448
2050,2207
2520,2835
923,1631,3419
456,1251,1430
2869,2870
345,353,354,356,729,1180,1215,1299,1490,1572,1575,1640,1919,2948,3129
78,169,420
1075,1778
251,999,1574,2352,2353,2361,3491
507,669,671,1950,2085,2294,3002
1807,2049
1239,2581
1512,1513,2187
178,343,1185
317,937,1474,1996,1997,2587
226,349,383,589,845,847,848,1170,1211,1479,1953,2667
504,821,1417,1418,1896,2237
667,998,1000
1777,2956
1574,1840,3443
644,883,885
3354,3821
109,1032,1365
599,1249,3520,3767
999,1521
322,1360
188,324,1374
714,721,1404,2126,2870,2927,3647
1024,3508
27,84,368,1150,1151,3314
1064,2226
104,1670
299,712,1141,1142
944,3023
1884,2882
244,1738,2599
741,921
1657,2663
109,1772,3243
2770,2794
2249,2463
288,1208
1210,3659
162,2246
847,3343
1241,2834
103,150,326,596,1794,1931,2006
797,997
272,2386,2814
1777,2302
952,1268
1056,1119,1858
536,3316,3822
1365,2972
19,2459
592,1166
224,284,1024,1917,2518,3751,3823
1838,2826
628,2862
12,17,20,256,831
1259,1617,1621,1678,1735,1782,1957,2014,2096,2906,3582
78,2228
1392,2068,2805,3753
591,3003
1586,3728
977,978,980,1811,1812,3063,3515
13,550,1882
454,889,1511,1514,2187,2188,2189,2447
33,37,256,572,767,768,770,771,988,989,1294,1663,1871,1872,1882,2045,2415,2894,3171,3536,3559
731,1666,2456
68,2573
1945,2820
87,1095,1286
85,1460,1698,2269,2288,2433,2440,2488,2524,2529,2911,2912,2936,2983,3616
206,1355
150,705,1344,1466,1716,1740,1794,1952,2198
123,987,3444
135,710
350,3201
1307,2345,2464
738,1027
51,187,1096,2116
1072,1073,1145,1146,1824
600,861,2414,2415,3448,3780
74,2021,2274
245,2002,2240,2895
774,2507,2655,2728
1064,2109,3699
464,470,585,1546
850,1534,2314
686,831,2581,2584
346,658,660,1068,1499,1863
1577,3673
229,2372
2510,3351
14,84,1773
68,2743
545,783,784,788,807,808,843,909,1488,1860,1929,2062,2101,2263,2818
64,349,793,2444,2445
1827,3824
134,631,1834,2179,2625,3226
368,1278,1362,2720,2844,3371
441,703,940,1073,2301,2324,2423,2932,2970,3277
913,1129,2052,2275,3522
332,1062,1063,1067,1469,2920,2922,3110
554,1894,2501
1096,2116
1342,1445,1878,2228,2229,3649
68,2726
2084,3825
839,2204,2206
82,93,345,1710,1816,2016,2220,2476
148,157,1198,1680
294,324,514,702,710,1096,2169
1261,1604,2641,2868
1663,1705,2542
209,243,244,245,378,991,1407,1480,1483,1576,1585,1586,1589,1591,1592,1734,1738,1923,2048,2049,2069,2590,2599
969,2977
1096,1876
81,658,728,846,1498,1782,2203,2254
68,563,684,696,911,1270,1453,1520
78,169,196,202
1139,3118
135,702,1326,1835,1906
15,550
62,1962,3039,3091,3340,3424
321,1828
186,2022
20,28,84,256,1873
515,2174,2412,2636,2788,3181,3304
333,836,1627,1741,3049
27,462,550,2427
1576,2049,2590
1284,3826
1741,3229
609,823,826,2851,3012
323,1260
178,596,1716,1795,2034,2198
122,228
327,905,3085
371,792
2096,2097
609,2748
180,226,3146
164,2010
354,543,1187,1489,1492
2103,2615
368,498
4,253
3404,3827
1524,2631,2984,3457,3458,3800
620,3239
1701,1702
1233,3645,3670
282,619,649,1049,1729,2515,2709
1652,2860
1106,2560
892,1719
459,3423
68,2034
1524,2097,2177
1138,2734,3515
468,473,590
225,1714
212,1054,1057,1858,3585,3626
2731,3090
464,466,586,587
103,480,699,705,709,1740
6,7,2847,2848,3278
680,1706,2208,2950,3304
2023,2202,2233,2564,2754,2755,2859,3734
884,1254,1826,2646
919,3315
2251,2383
374,3270
831,1518
24,1086,2617
39,51,514,2572,2693,2885,3828
481,753,2979
74,821,1127,2274,2356
1823,3829
1871,3536
938,2239
1010,2871
1113,1114
8,1154
3061,3821
563,707,1270,3190
89,194,205,216,218,241,335,385,400,420,442,448,476,607,610,669,671,723,724,742,930,1053,1064,1075,1090,1091,1402,1403,1443,1527,1591,1761,1778,1779,1882,1945,1993,2066,2218,2226,2255,2258,2541,2546,2560,2605,2646,2696,2755,2777,2807,2812,3241,3288,3402,3420,3482,3590,3672,3775,3830,3831
1263,2193,2706,2733,3464
760,1459,2062,2576
1933,1935,1937,3586
338,1144,2197,2479,2957
593,658,660,708,844,1068,1419,2752
1398,2068
746,813,3279
1068,1880
2544,3339
205,884
1038,1708
1706,2950,3832
464,474
2541,2982
48,882
279,2152,2191
324,2037,2198
18,21,245,333,339,755,837,923,1028,1255,1753,2299,2433,2719,2909,2913,3053,3240,3246,3670,3814
36,40,77,210,215,377,535,1442,1443,1445,1447,1450
751,1902
66,67
1320,2040
338,1689
338,2591
562,697,707,865,882,1270,2610,3190
1905,2891
206,2777,3385
1113,2296,2500
2021,2815,2964
214,863,3382
428,1336
176,1064,2289,3385,3733
1344,1716,2470,3265,3266
776,777,3833
188,1686
36,2086
480,1880,2534
14,368
167,245,445
642,2560
60,2089
2280,2282
603,1088,2322,3516
2950,3832
131,1826
154,162,163,188,310,348,350,352,846,1177,1217,1459,2010,2254
1084,2234
836,1627
713,3120
245,661,1362,1714,1779,1804,2605,3427
509,2141,2822,2864,3389
135,887,2199
1833,2362
646,1689
708,2752
1871,1906
307,308,642,1053,1091,2327,3313
21,365,836,838,1503,2200
2479,3770
1506,2121
307,478,2185
565,714
684,882
1,26,1558,3376
746,1741,2089,3215
1542,2731
472,589,3432
295,820,2801
664,820,2324,3463
1010,1838,2696,3113,3633
239,317,1836,2587
274,303,1135,1777,2302,2707
499,2459,3004,3207,3663,3743,3751,3768,3834,3835
251,252,253,1337,1601,2707,2994
1324,2782
1253,1367,1711
255,1096,2726
570,874,2848,3278
163,594,1376,1492
212,215,478,2050,2227,2466
336,880
880,2778,3338
423,424,2555,3153
295,1914,2083
2105,3514
317,346,541,596,734,1188,1298,1501,1502,1710,1996
2,2113,2114
2520,2836,3792
881,1166
1988,2070,3358
509,556,566,567,627,881,1166,1821
1550,2998
344,2942,2943
1484,3353
225,1892,2269,2720,3236
710,847,1478,2174,2772,3100
33,814
10,80,334,836,2337
318,1157
155,177,318,1157,2045,3188,3213,3465
265,2518
487,523
1630,3186
1620,2013,3634
823,826,1496,2146,2252,2987
109,2484
263,386,686,1080,1311,1564,1728
335,932,1704,2166,2218,2242,3651
965,2597
1,26,558
903,904
24,246,1713,1757,1758,2426,2431
64,135,255,514,561,936,1065,1133,1459,2576,2752,3035
209,2122,2301
574,2054
101,2142,2765
264,1064,1080
48,81,103,182,709,882,1289,1583,1715,1834,1954,2693
1295,1379,1687,1985,2398
42,43
2376,2875
88,630,1550,2266,2314,2743,2998
107,257,1006,3274
40,42
379,1372
1408,1409,1521,2352
476,834,1439,2303
346,845,1095,1100,2687,2689
296,1012
440,576,1431
350,3221
520,524,525,529,1276,1599,1602,2221,2564
3557,3836
78,165
488,2484
3166,3837
214,415
866,932,1282,3015
14,15,28,256,276,550,1873,2290
1086,1979,2878
52,54,107,109,182,189,190,192,225,349,484,831,955,1011,1046,1255,1332,1347,1503,1558,1835,2379,2717
1136,1205
270,2676
323,487,1604
104,151,1191,1207,1379,1636,1670,1932
139,653,819,2298
1129,1172,1173,2798,3838
658,660,1109,1498,1499
373,1371,1449
103,143,150,161,543,726,1176,1191,1193,1195,1198,1204,1222,1299,1377,1490,1491,1575,1635,1794,1952,1954,1973,2829,3126
1915,2316
907,1295,1296,1381,1687,1996
1591,2266,3117
1919,1968,2296,2973
344,3428
2906,3509
86,755,1999,2703
64,101
1936,2275,2499
146,163,310,371,846,908,1182,1206,1217,1279,1374,1472,1486,1509,1559,1573,1634,1842,2007,2010,2397,3054,3449
36,40,210,211,215,424,1442,1443,1445,1447,1450
50,81,149,160,161,162,177,343,347,348,350,351,352,353,371,541,544,556,594,627,682,727,784,847,1068,1182,1185,1190,1192,1201,1210,1217,1273,1286,1288,1290,1299,1377,1380,1471,1487,1494,1500,1572,1581,1582,1583,1584,1640,1782,1818,2004,2006,2062,2250,2263,2344,2818,3065
51,239,1114,1485
2371,2430,3353
177,480,881,1965
454,456,470,628,859,878,880,1123,1242,1249,1511,1867,2032,2076
379,1610,3109
308,3229
1295,1394,2062
419,603,618,1519,1862,2023,2859,3506
1542,2731
388,2751
465,591,1543
740,1070,1071,1116,1406
23,1033,1034,1844,2238,3217
1104,2197
1941,2276
268,270,1057,1125,1858,3346,3626
480,2534
684,1487,1494,1500
916,1126,2921
113,739,740,2547,3301
58,1235,2837
1847,2677
570,1429,1962,3340
1958,2610
98,1296,1967
1111,1320,2037,3019
1056,1399,2074
1830,2391
373,462,2046,2541
12,277,278,281,282,284,365,1532,2196,3141,3341
81,95,134,211,510,1471,1476,1478,1818,1834,2179,2478,3285
705,1130,2100,2173,2950
738,2916
1743,3098
226,353,357,1190,3191
1647,1648,3792,3839
159,227,1087,1290,1750,3258
361,570,958,1429,2032
305,344,1694
